date,family,actual,pred_sarimax
2016-07-01,GROCERY I,255760.699,186337.9999058023
2016-07-02,GROCERY I,334946.369,238093.36414648537
2016-07-03,GROCERY I,344155.743,233217.75081238046
2016-07-04,GROCERY I,282466.988,195496.98203560308
2016-07-05,GROCERY I,221474.81,172388.43618210332
2016-07-06,GROCERY I,216890.038,167022.9129836292
2016-07-07,GROCERY I,179363.573,120746.23298615764
2016-07-08,GROCERY I,195270.97,164863.8129029608
2016-07-09,GROCERY I,254903.075,220737.25024303247
2016-07-10,GROCERY I,272714.894,235348.87690211998
2016-07-11,GROCERY I,201102.414,187678.18423393765
2016-07-12,GROCERY I,181702.174,154812.71602399205
2016-07-13,GROCERY I,173891.151,156039.07872848355
2016-07-14,GROCERY I,159965.624,171063.9136829038
2016-07-15,GROCERY I,191860.969,199447.82035777753
2016-07-16,GROCERY I,262718.623,265893.55476597016
2016-07-17,GROCERY I,276929.481,268584.7294036439
2016-07-18,GROCERY I,209950.384,222857.4934742257
2016-07-19,GROCERY I,186922.796,188628.0259806398
2016-07-20,GROCERY I,196880.731,171432.53488049522
2016-07-21,GROCERY I,182387.153,163659.77681850136
2016-07-22,GROCERY I,184784.031,178458.66709901835
2016-07-23,GROCERY I,242640.796,246283.58104439257
2016-07-24,GROCERY I,249064.65600000002,254970.87590846396
2016-07-25,GROCERY I,206929.182,210463.78363972978
2016-07-26,GROCERY I,186028.707,175842.87915487494
2016-07-27,GROCERY I,179774.338,145425.70357135992
2016-07-28,GROCERY I,156665.984,169070.9461367725
2016-07-29,GROCERY I,195220.548,192052.13647299475
2016-07-30,GROCERY I,279494.549,257853.4659146585
2016-07-31,GROCERY I,307874.225,250971.06093254095
2016-08-01,GROCERY I,287706.632,200088.76741623547
2016-08-02,GROCERY I,246720.513,171948.6249783343
2016-08-03,GROCERY I,234551.91700000002,154750.93286049372
2016-08-04,GROCERY I,191749.616,140291.93923559904
2016-08-05,GROCERY I,200934.495,160072.6482363503
2016-08-06,GROCERY I,256030.195,213336.09729366621
2016-08-07,GROCERY I,267916.902,226594.80949237657
2016-08-08,GROCERY I,212254.549,184372.85284867065
2016-08-09,GROCERY I,183625.143,150793.4624294356
2016-08-10,GROCERY I,183366.316,137832.7285515075
2016-08-11,GROCERY I,174516.511,139224.38840883988
2016-08-12,GROCERY I,211558.782,160103.5681093455
2016-08-13,GROCERY I,204230.113,210117.22483869997
2016-08-14,GROCERY I,217862.006,219212.96638549957
2016-08-15,GROCERY I,209894.309,179165.98565669678
2016-08-16,GROCERY I,214910.844,149576.7622131593
2016-08-17,GROCERY I,200585.429,135977.33506609165
2016-08-18,GROCERY I,169873.133,137748.6597388725
2016-08-19,GROCERY I,189593.805,160248.78987457394
2016-08-20,GROCERY I,238124.092,219319.86967662378
2016-08-21,GROCERY I,256910.234,223311.70743654552
2016-08-22,GROCERY I,208539.744,182891.14037421613
2016-08-23,GROCERY I,189743.45,153377.97299934714
2016-08-24,GROCERY I,183629.338,132960.93985052756
2016-08-25,GROCERY I,160226.12900000002,137552.96779260394
2016-08-26,GROCERY I,177844.789,156487.56694278057
2016-08-27,GROCERY I,226705.497,216974.29422688554
2016-08-28,GROCERY I,243416.113,223956.7984634388
2016-08-29,GROCERY I,193011.781,187840.11866306548
2016-08-30,GROCERY I,178158.766,165742.002485212
2016-08-31,GROCERY I,209312.586,151302.14889328086
2016-09-01,GROCERY I,224855.405,145405.67788642197
2016-09-02,GROCERY I,246898.196,159746.5778844941
2016-09-03,GROCERY I,319453.549,206405.2697716555
2016-09-04,GROCERY I,331800.452,211228.42556716216
2016-09-05,GROCERY I,244673.66,167564.01009793655
2016-09-06,GROCERY I,221549.465,132045.67421139986
2016-09-07,GROCERY I,206077.526,117561.98118481044
2016-09-08,GROCERY I,176583.137,136478.90485370008
2016-09-09,GROCERY I,184969.668,167978.9434641034
2016-09-10,GROCERY I,266900.669,228428.3440055144
2016-09-11,GROCERY I,297666.174,235554.88081321487
2016-09-12,GROCERY I,198351.158,198566.33970104542
2016-09-13,GROCERY I,175934.812,161252.22757814772
2016-09-14,GROCERY I,170787.774,148559.99120096
2016-09-15,GROCERY I,168851.383,160387.82917140127
2016-09-16,GROCERY I,193851.791,199492.15313964704
2016-09-17,GROCERY I,262554.474,256250.55988996723
2016-09-18,GROCERY I,298820.0,262604.6447487118
2016-09-19,GROCERY I,201940.015,219955.15616561705
2016-09-20,GROCERY I,189259.548,193540.75502632066
2016-09-21,GROCERY I,183985.564,174885.7603384515
2016-09-22,GROCERY I,157583.834,182302.44395704987
2016-09-23,GROCERY I,185657.64,202745.42477252334
2016-09-24,GROCERY I,250405.729,263360.43452759297
2016-09-25,GROCERY I,273407.067,270811.1099558253
2016-09-26,GROCERY I,195676.136,222325.49798745377
2016-09-27,GROCERY I,171192.631,190855.43215575448
2016-09-28,GROCERY I,171837.571,172870.7146527095
2016-09-29,GROCERY I,153914.398,183716.68623209483
2016-09-30,GROCERY I,204209.586,201994.70027337235
2016-10-01,GROCERY I,376487.399,256648.63771472973
2016-10-02,GROCERY I,392774.819,266863.5195861898
2016-10-03,GROCERY I,259260.663,222182.36963231242
2016-10-04,GROCERY I,227062.232,205556.72960013442
2016-10-05,GROCERY I,220673.751,182051.77645789605
2016-10-06,GROCERY I,179258.097,197386.43491382897
2016-10-07,GROCERY I,207228.722,220136.94683172318
2016-10-08,GROCERY I,283341.173,285260.65763478086
2016-10-09,GROCERY I,328798.61,294968.04790594353
2016-10-10,GROCERY I,218986.451,247537.6158161767
2016-10-11,GROCERY I,184607.781,213262.79415343754
2016-10-12,GROCERY I,184546.728,190727.45532661732
2016-10-13,GROCERY I,165917.54,199610.86486268332
2016-10-14,GROCERY I,187897.631,225639.45762085862
2016-10-15,GROCERY I,267296.737,287245.5022756365
2016-10-16,GROCERY I,328004.322,301906.7180173268
2016-10-17,GROCERY I,211547.87,238235.5513010368
2016-10-18,GROCERY I,188088.864,204344.13468928792
2016-10-19,GROCERY I,180780.167,184962.07681564178
2016-10-20,GROCERY I,172086.821,189406.32331871
2016-10-21,GROCERY I,184723.541,199974.90046505476
2016-10-22,GROCERY I,248149.917,255263.15551353272
2016-10-23,GROCERY I,299180.504,266492.6428726166
2016-10-24,GROCERY I,198551.225,219629.09431541793
2016-10-25,GROCERY I,178507.736,184828.2081420676
2016-10-26,GROCERY I,170707.0,253085.3925792258
2016-10-27,GROCERY I,161035.113,241578.5768887726
2016-10-28,GROCERY I,180171.818,264071.6708190354
2016-10-29,GROCERY I,248688.609,337529.88737412216
2016-10-30,GROCERY I,282533.016,343372.8457571614
2016-10-31,GROCERY I,199818.887,287238.8519563593
2016-11-01,GROCERY I,252354.113,259047.55521254626
2016-11-02,GROCERY I,294122.549,265620.0511067244
2016-11-03,GROCERY I,245076.593,250676.77584087657
2016-11-04,GROCERY I,256548.526,268315.44199443224
2016-11-05,GROCERY I,275166.218,324300.927763823
2016-11-06,GROCERY I,351095.489,347727.5242037114
2016-11-07,GROCERY I,250798.331,283153.85919355287
2016-11-08,GROCERY I,226945.098,245996.59463361616
2016-11-09,GROCERY I,224668.166,260913.6276651884
2016-11-10,GROCERY I,176812.224,229853.45102212077
2016-11-11,GROCERY I,205336.269,260930.90784827137
2016-11-12,GROCERY I,276217.866,316254.6628239349
2016-11-13,GROCERY I,345032.878,326921.5560022899
2016-11-14,GROCERY I,219897.376,227878.05074941667
2016-11-15,GROCERY I,202823.317,198708.84512980396
2016-11-16,GROCERY I,235505.27,259392.90506986243
2016-11-17,GROCERY I,189332.719,220680.4664350655
2016-11-18,GROCERY I,218481.84100000001,236197.76374185277
2016-11-19,GROCERY I,281438.088,314344.5437574535
2016-11-20,GROCERY I,334426.044,322925.361443363
2016-11-21,GROCERY I,231283.925,270661.8945164777
2016-11-22,GROCERY I,208830.983,234385.39304113068
2016-11-23,GROCERY I,214367.837,255415.1801234211
2016-11-24,GROCERY I,181074.162,227780.80703187434
2016-11-25,GROCERY I,211344.729,258043.02194284092
2016-11-26,GROCERY I,267974.986,317312.1884649691
2016-11-27,GROCERY I,308257.897,334121.47669493593
2016-11-28,GROCERY I,222589.643,280731.8934542375
2016-11-29,GROCERY I,193324.333,245584.90270625692
2016-11-30,GROCERY I,221747.168,231346.643273341
2016-12-01,GROCERY I,289689.792,271892.51945302926
2016-12-02,GROCERY I,263266.533,284619.19839098793
2016-12-03,GROCERY I,354348.142,346289.4777433559
2016-12-04,GROCERY I,398378.733,352197.8168694728
2016-12-05,GROCERY I,307665.714,303361.8018573617
2016-12-06,GROCERY I,291190.488,271767.1027013449
2016-12-07,GROCERY I,266602.07,434256.63006115047
2016-12-08,GROCERY I,222288.266,310861.25777908124
2016-12-09,GROCERY I,235245.91,332885.81684024195
2016-12-10,GROCERY I,288835.971,392902.1036073275
2016-12-11,GROCERY I,350255.704,408709.8131044645
2016-12-12,GROCERY I,301380.004,353220.1609930097
2016-12-13,GROCERY I,248243.757,333793.66089886765
2016-12-14,GROCERY I,267589.502,319096.66598658107
2016-12-15,GROCERY I,255609.61800000002,323354.0788422874
2016-12-16,GROCERY I,302208.024,341509.98530186573
2016-12-17,GROCERY I,340408.274,412925.13554181514
2016-12-18,GROCERY I,401211.913,422076.46028569434
2016-12-19,GROCERY I,351702.981,372234.00493195903
2016-12-20,GROCERY I,384623.784,347977.3314718719
2016-12-21,GROCERY I,387603.442,339221.02906632784
2016-12-22,GROCERY I,400889.065,342724.0351659254
2016-12-23,GROCERY I,425386.44299999997,365181.8205454926
2016-12-24,GROCERY I,413170.207,404710.7309445095
2016-12-26,GROCERY I,309767.773,397780.40856842103
2016-12-27,GROCERY I,242792.095,344111.67740924726
2016-12-28,GROCERY I,265759.513,348767.45351605717
2016-12-29,GROCERY I,257006.744,324782.91606365377
2016-12-30,GROCERY I,329599.654,341117.9287214494
2016-12-31,GROCERY I,302232.811,348687.6107832701
2017-01-01,GROCERY I,1998.0,91896.24343071596
2017-01-02,GROCERY I,415182.95,344171.326824827
2017-01-03,GROCERY I,321085.262,300187.33967566007
2017-01-04,GROCERY I,274170.595,340141.8466524756
2017-01-05,GROCERY I,226863.181,137509.88660478024
2017-01-06,GROCERY I,235068.611,172065.69618732523
2017-01-07,GROCERY I,320763.751,198218.31569714443
2017-01-08,GROCERY I,339817.859,249426.22239453366
2017-01-09,GROCERY I,226842.223,247673.00721354448
2017-01-10,GROCERY I,205076.937,204291.20148260446
2017-01-11,GROCERY I,205405.492,176763.74685452163
2017-01-12,GROCERY I,179500.37099999998,158694.26670225075
2017-01-13,GROCERY I,209872.858,169607.31313534663
2017-01-14,GROCERY I,288095.323,190665.68734475484
2017-01-15,GROCERY I,329467.396,238697.85546532512
2017-01-16,GROCERY I,232165.605,246686.75451483566
2017-01-17,GROCERY I,206967.7,205252.60070253536
2017-01-18,GROCERY I,206805.163,201090.16984238545
2017-01-19,GROCERY I,171175.212,145132.6582630842
2017-01-20,GROCERY I,198853.649,155584.60940984337
2017-01-21,GROCERY I,305018.808,181878.02975345563
2017-01-22,GROCERY I,312620.555,230175.8510024417
2017-01-23,GROCERY I,228583.123,232364.54056944448
2017-01-24,GROCERY I,202106.376,199237.53027650906
2017-01-25,GROCERY I,199000.605,179275.88861200702
2017-01-26,GROCERY I,165307.223,86797.64412318711
2017-01-27,GROCERY I,197385.774,99983.06940071336
2017-01-28,GROCERY I,281685.01,123769.54605884288
2017-01-29,GROCERY I,305678.012,177062.60276534208
2017-01-30,GROCERY I,200919.49,175794.07249908563
2017-01-31,GROCERY I,226270.58,141366.96728455648
2017-02-01,GROCERY I,275177.113,138057.78753124623
2017-02-02,GROCERY I,232517.241,113241.5834938118
2017-02-03,GROCERY I,245091.774,121183.02792259115
2017-02-04,GROCERY I,343967.653,140629.30054384028
2017-02-05,GROCERY I,342708.874,190582.44379512058
2017-02-06,GROCERY I,236867.255,198727.70473059535
2017-02-07,GROCERY I,216520.006,161206.47058060026
2017-02-08,GROCERY I,213844.332,191153.60040210088
2017-02-09,GROCERY I,186073.662,98038.8575522617
2017-02-10,GROCERY I,206531.308,107202.37554874107
2017-02-11,GROCERY I,269201.309,129402.98638037182
2017-02-12,GROCERY I,307274.38300000003,180259.93029692973
2017-02-13,GROCERY I,241771.932,186608.2073704265
2017-02-14,GROCERY I,191858.428,139292.16018995456
2017-02-15,GROCERY I,200588.27,153139.71360100716
2017-02-16,GROCERY I,193857.796,144874.12529397008
2017-02-17,GROCERY I,217764.076,154700.6141330538
2017-02-18,GROCERY I,313204.68200000003,177342.19975853636
2017-02-19,GROCERY I,243177.648,225389.17416056833
2017-02-20,GROCERY I,225840.753,232928.64396324172
2017-02-21,GROCERY I,208361.029,191127.1349326239
2017-02-22,GROCERY I,209516.849,183991.77462784137
2017-02-23,GROCERY I,201323.924,164665.29527227196
2017-02-24,GROCERY I,233815.187,178507.96403617485
2017-02-25,GROCERY I,305460.836,203318.20200599555
2017-02-26,GROCERY I,221940.676,242430.6035512144
2017-02-27,GROCERY I,215098.977,255787.97027447345
2017-02-28,GROCERY I,275016.397,219631.59157914988
2017-03-01,GROCERY I,295126.952,196544.94718996412
2017-03-02,GROCERY I,259788.339,144530.4787889906
2017-03-03,GROCERY I,264090.104,150414.76173876497
2017-03-04,GROCERY I,348517.99199999997,173082.78053373072
2017-03-05,GROCERY I,372100.339,223106.75469248462
2017-03-06,GROCERY I,252379.543,188660.45420912857
2017-03-07,GROCERY I,240369.361,149547.62686293933
2017-03-08,GROCERY I,242247.203,128231.88742905881
2017-03-09,GROCERY I,193059.978,77254.94099629641
2017-03-10,GROCERY I,215667.053,86924.26037413364
2017-03-11,GROCERY I,289700.863,102688.50473228408
2017-03-12,GROCERY I,328098.714,154861.33400654665
2017-03-13,GROCERY I,217528.88,158174.23251509338
2017-03-14,GROCERY I,198212.856,120888.47194284038
2017-03-15,GROCERY I,226180.308,92214.4575991261
2017-03-16,GROCERY I,209162.45799999998,68889.60626823633
2017-03-17,GROCERY I,227644.344,87463.3287323245
2017-03-18,GROCERY I,299913.532,108298.9482358188
2017-03-19,GROCERY I,328556.893,159941.52552903784
2017-03-20,GROCERY I,241522.93,164924.81128569844
2017-03-21,GROCERY I,211813.445,122895.63369094969
2017-03-22,GROCERY I,210061.511,101515.91317564895
2017-03-23,GROCERY I,214049.286,86044.46273783123
2017-03-24,GROCERY I,229219.616,104033.51849587276
2017-03-25,GROCERY I,303456.489,128708.31195370274
2017-03-26,GROCERY I,318392.578,181089.16247008083
2017-03-27,GROCERY I,232377.549,185960.47447489784
2017-03-28,GROCERY I,208732.716,157355.2407802363
2017-03-29,GROCERY I,238416.338,153769.23743520165
2017-03-30,GROCERY I,199325.174,147301.80050685344
2017-03-31,GROCERY I,271958.43,139909.39404101126
2017-04-01,GROCERY I,474003.906,161213.8857433658
2017-04-02,GROCERY I,380816.88,205794.72825385554
2017-04-03,GROCERY I,269080.837,208315.79984291003
2017-04-04,GROCERY I,264689.049,171887.90204026742
2017-04-05,GROCERY I,247860.95799999998,163677.92862817942
2017-04-06,GROCERY I,214907.11,136041.49313740115
2017-04-07,GROCERY I,225595.598,145943.7030027256
2017-04-08,GROCERY I,308170.625,172270.7692316578
2017-04-09,GROCERY I,338844.119,219301.85861063455
2017-04-10,GROCERY I,227312.148,222124.36832075653
2017-04-11,GROCERY I,239881.428,186952.56110052485
2017-04-12,GROCERY I,249778.37099999998,228061.31241189962
2017-04-13,GROCERY I,224628.894,205288.16069068265
2017-04-14,GROCERY I,218652.376,213933.21328657988
2017-04-15,GROCERY I,269564.397,229581.67331507418
2017-04-16,GROCERY I,295452.592,286802.5035546409
2017-04-17,GROCERY I,231756.22,290429.97770460875
2017-04-18,GROCERY I,208816.366,241317.80770982316
2017-04-19,GROCERY I,206401.619,246242.93191097456
2017-04-20,GROCERY I,206543.467,197603.88633290134
2017-04-21,GROCERY I,225577.685,218213.9538656389
2017-04-22,GROCERY I,282475.805,239609.95465594422
2017-04-23,GROCERY I,329521.778,297212.6662978133
2017-04-24,GROCERY I,222334.133,292401.51010858844
2017-04-25,GROCERY I,208465.077,256729.55760915315
2017-04-26,GROCERY I,209080.768,242037.60339352017
2017-04-27,GROCERY I,180000.938,205706.1132485047
2017-04-28,GROCERY I,224719.261,221387.86478067088
2017-04-29,GROCERY I,318911.93,235668.48435403625
2017-04-30,GROCERY I,309323.864,276022.6363925745
2017-05-01,GROCERY I,400850.63300000003,271180.20712299086
2017-05-02,GROCERY I,269057.78,224305.83646951852
2017-05-03,GROCERY I,276532.7,250307.1273419584
2017-05-04,GROCERY I,222406.434,144018.0233004303
2017-05-05,GROCERY I,229544.417,152553.91465138036
2017-05-06,GROCERY I,318692.98,165202.6592061832
2017-05-07,GROCERY I,376379.473,221762.16786514822
2017-05-08,GROCERY I,236850.469,231862.44309896807
2017-05-09,GROCERY I,217042.416,198515.8855363897
2017-05-10,GROCERY I,218644.624,198337.08740089016
2017-05-11,GROCERY I,199971.162,143595.43215513587
2017-05-12,GROCERY I,224118.241,153567.49424031263
2017-05-13,GROCERY I,332853.784,178984.5662518598
2017-05-14,GROCERY I,263932.462,217803.54033740133
2017-05-15,GROCERY I,249391.748,222836.72734215192
2017-05-16,GROCERY I,241186.132,192219.940979639
2017-05-17,GROCERY I,242271.766,154318.17280231154
2017-05-18,GROCERY I,189992.941,129112.95998450744
2017-05-19,GROCERY I,225889.53,137611.6900606023
2017-05-20,GROCERY I,314630.342,159851.72167635922
2017-05-21,GROCERY I,349106.17,212948.72560960008
2017-05-22,GROCERY I,235352.441,212884.54937664382
2017-05-23,GROCERY I,216349.816,174263.0669184089
2017-05-24,GROCERY I,207528.358,212853.83838481805
2017-05-25,GROCERY I,184282.369,117091.67459711444
2017-05-26,GROCERY I,284289.827,138535.7155089414
2017-05-27,GROCERY I,280306.776,151744.95194950738
2017-05-28,GROCERY I,313695.155,206862.5554243309
2017-05-29,GROCERY I,233553.12,209669.22570756983
2017-05-30,GROCERY I,231107.946,170337.00918509753
2017-05-31,GROCERY I,258090.75,135084.82395517643
2017-06-01,GROCERY I,244432.37900000002,42730.6337784829
2017-06-02,GROCERY I,269708.907,134415.8158131127
2017-06-03,GROCERY I,366851.135,152238.6189460942
2017-06-04,GROCERY I,420484.196,204019.29512749528
2017-06-05,GROCERY I,287651.913,208440.476381224
2017-06-06,GROCERY I,247529.789,169913.2955944544
2017-06-07,GROCERY I,244550.415,175536.38744051039
2017-06-08,GROCERY I,209010.648,145738.2198153676
2017-06-09,GROCERY I,230238.391,159747.34835444472
2017-06-10,GROCERY I,296191.212,182746.88820769094
2017-06-11,GROCERY I,359159.341,235653.12434797367
2017-06-12,GROCERY I,231623.812,238399.05199715885
2017-06-13,GROCERY I,225098.796,196126.50900088652
2017-06-14,GROCERY I,231383.757,219260.48429865172
2017-06-15,GROCERY I,199755.29,134590.86361480254
2017-06-16,GROCERY I,236330.623,172923.18616159988
2017-06-17,GROCERY I,320835.094,194756.44184676115
2017-06-18,GROCERY I,278084.93,238394.04029619228
2017-06-19,GROCERY I,236571.109,233721.86778750335
2017-06-20,GROCERY I,234485.237,197661.67246427527
2017-06-21,GROCERY I,216428.204,207140.84437870228
2017-06-22,GROCERY I,182687.088,167517.2670789771
2017-06-23,GROCERY I,212785.126,184600.26381644653
2017-06-24,GROCERY I,282434.723,210898.15450418252
2017-06-25,GROCERY I,317588.572,264998.499400038
2017-06-26,GROCERY I,220335.828,238683.37832056495
2017-06-27,GROCERY I,198345.961,201519.44304064842
2017-06-28,GROCERY I,198716.759,203417.29439080704
2017-06-29,GROCERY I,190098.64,191739.8935019278
2017-06-30,GROCERY I,228539.867,165872.7083350061
2017-07-01,GROCERY I,375440.305,209496.82078303205
2017-07-02,GROCERY I,398356.868,257738.23321927187
2017-07-03,GROCERY I,288954.266,264269.97642943484
2017-07-04,GROCERY I,257414.024,230166.90057778472
2017-07-05,GROCERY I,243726.892,252009.70657117598
2017-07-06,GROCERY I,207284.273,161873.69181991182
2017-07-07,GROCERY I,223152.148,144160.68510979085
2017-07-08,GROCERY I,289414.594,166815.87441728957
2017-07-09,GROCERY I,316177.751,221828.47187982197
2017-07-10,GROCERY I,235318.508,213026.7947295576
2017-07-11,GROCERY I,208359.298,180360.60402794517
2017-07-12,GROCERY I,203237.328,163112.1815041052
2017-07-13,GROCERY I,182709.476,118066.70873256522
2017-07-14,GROCERY I,209990.75,133932.59211573933
2017-07-15,GROCERY I,276323.261,156684.94892353212
2017-07-16,GROCERY I,309084.549,214559.6177940974
2017-07-17,GROCERY I,241417.015,215139.85550908983
2017-07-18,GROCERY I,211924.156,173958.34180830553
2017-07-19,GROCERY I,218927.014,177228.72898403232
2017-07-20,GROCERY I,202736.576,151314.85971829557
2017-07-21,GROCERY I,217576.952,160717.27163940718
2017-07-22,GROCERY I,269126.244,187211.19250499608
2017-07-23,GROCERY I,297691.697,239708.86052681913
2017-07-24,GROCERY I,240691.265,241547.89073153536
2017-07-25,GROCERY I,210986.016,194358.0690345437
2017-07-26,GROCERY I,205754.648,212169.90071540698
2017-07-27,GROCERY I,196079.18,129178.00032613441
2017-07-28,GROCERY I,233685.813,146317.71766742785
2017-07-29,GROCERY I,303657.532,175259.69602423836
2017-07-30,GROCERY I,328519.734,227756.52562245965
2017-07-31,GROCERY I,270215.666,226459.94101938995
2017-08-01,GROCERY I,301453.49199999997,165740.55486524475
2017-08-02,GROCERY I,281631.338,148693.51764146585
2017-08-03,GROCERY I,227658.804,97648.88460057491
2017-08-04,GROCERY I,244474.234,116906.46556347935
2017-08-05,GROCERY I,292312.398,138625.04675188093
2017-08-06,GROCERY I,314408.414,190003.88349407533
2017-08-07,GROCERY I,244548.234,198072.58611680687
2017-08-08,GROCERY I,213902.289,160032.2074294126
2017-08-09,GROCERY I,210097.703,137268.91495067993
2017-08-10,GROCERY I,194854.086,82286.82471894025
2017-08-11,GROCERY I,238221.922,103979.12115522134
2017-08-12,GROCERY I,238627.633,118994.49738618523
2017-08-13,GROCERY I,258442.452,171116.84597124855
2017-08-14,GROCERY I,225355.694,179730.8182783497
2017-08-15,GROCERY I,224208.125,136267.84817558766
2016-07-01,BEVERAGES,163624.0,132626.27267505924
2016-07-02,BEVERAGES,221451.0,191849.65518024357
2016-07-03,BEVERAGES,240162.0,198919.4091343376
2016-07-04,BEVERAGES,171926.0,148957.10077280315
2016-07-05,BEVERAGES,141837.0,133471.81895539566
2016-07-06,BEVERAGES,141899.0,138352.79629414767
2016-07-07,BEVERAGES,117203.0,112944.60632809594
2016-07-08,BEVERAGES,137729.0,137212.33748711273
2016-07-09,BEVERAGES,186086.0,197999.2175482234
2016-07-10,BEVERAGES,205290.0,214115.29509647106
2016-07-11,BEVERAGES,148417.0,151034.20638616823
2016-07-12,BEVERAGES,127538.0,131499.8620168583
2016-07-13,BEVERAGES,120720.0,118623.30550439627
2016-07-14,BEVERAGES,108521.0,108259.76111566494
2016-07-15,BEVERAGES,139563.0,129202.56812733276
2016-07-16,BEVERAGES,191821.0,190014.54390352673
2016-07-17,BEVERAGES,206438.0,202883.41260052705
2016-07-18,BEVERAGES,148214.0,146923.12579995178
2016-07-19,BEVERAGES,123942.0,125655.36964066663
2016-07-20,BEVERAGES,128434.0,120614.53698164423
2016-07-21,BEVERAGES,115017.0,109735.99838583777
2016-07-22,BEVERAGES,129281.0,126897.89202100708
2016-07-23,BEVERAGES,178923.0,187126.28876790075
2016-07-24,BEVERAGES,188675.0,200648.0000659284
2016-07-25,BEVERAGES,148783.0,143793.61130034397
2016-07-26,BEVERAGES,124377.0,122463.03212833349
2016-07-27,BEVERAGES,132795.0,115481.97212402702
2016-07-28,BEVERAGES,107270.0,109328.67627353297
2016-07-29,BEVERAGES,133460.0,127639.06608076506
2016-07-30,BEVERAGES,191957.0,188069.9631297156
2016-07-31,BEVERAGES,216431.0,200639.09530304983
2016-08-01,BEVERAGES,180546.0,143615.648742502
2016-08-02,BEVERAGES,152668.0,127292.36845047423
2016-08-03,BEVERAGES,145874.0,123798.31293843265
2016-08-04,BEVERAGES,128160.0,138823.5762555986
2016-08-05,BEVERAGES,148293.0,161401.01025800966
2016-08-06,BEVERAGES,193330.0,221673.57490756843
2016-08-07,BEVERAGES,206605.0,238292.97297093962
2016-08-08,BEVERAGES,157126.0,180262.18296254898
2016-08-09,BEVERAGES,137263.0,159106.16041730187
2016-08-10,BEVERAGES,138205.0,152417.4440860158
2016-08-11,BEVERAGES,135983.0,145715.5718127221
2016-08-12,BEVERAGES,164500.0,166746.50797388714
2016-08-13,BEVERAGES,166578.0,226020.14127228205
2016-08-14,BEVERAGES,180725.0,239695.859675329
2016-08-15,BEVERAGES,158646.0,185182.4859105669
2016-08-16,BEVERAGES,147799.0,163659.6242519451
2016-08-17,BEVERAGES,147254.0,163298.49628403765
2016-08-18,BEVERAGES,127986.0,153395.3463366218
2016-08-19,BEVERAGES,150082.0,174170.98813470826
2016-08-20,BEVERAGES,187625.0,234546.35134120935
2016-08-21,BEVERAGES,211220.0,248137.47032102523
2016-08-22,BEVERAGES,155457.0,187987.81878757614
2016-08-23,BEVERAGES,142435.0,167226.64777052705
2016-08-24,BEVERAGES,141334.0,160091.2523584969
2016-08-25,BEVERAGES,124207.0,136334.48011286452
2016-08-26,BEVERAGES,134789.0,157296.52121609752
2016-08-27,BEVERAGES,176165.0,217495.36925585085
2016-08-28,BEVERAGES,197233.0,232836.92991367076
2016-08-29,BEVERAGES,147156.0,173343.50403221833
2016-08-30,BEVERAGES,133625.0,151729.90293231548
2016-08-31,BEVERAGES,145155.0,147253.71943700215
2016-09-01,BEVERAGES,147069.0,131490.94181131074
2016-09-02,BEVERAGES,181079.0,151950.68118918722
2016-09-03,BEVERAGES,238510.0,212061.3231056144
2016-09-04,BEVERAGES,261398.0,226112.08194929617
2016-09-05,BEVERAGES,183848.0,165298.2879748133
2016-09-06,BEVERAGES,164550.0,142437.61580140705
2016-09-07,BEVERAGES,154897.0,137584.75431352906
2016-09-08,BEVERAGES,123746.0,129423.19343505624
2016-09-09,BEVERAGES,138299.0,149565.34926700086
2016-09-10,BEVERAGES,206418.0,210521.1697598489
2016-09-11,BEVERAGES,235684.0,218219.75412844057
2016-09-12,BEVERAGES,145080.0,157366.19667793013
2016-09-13,BEVERAGES,122882.0,134646.32250531897
2016-09-14,BEVERAGES,121120.0,129836.29837092184
2016-09-15,BEVERAGES,116264.0,149331.5124417293
2016-09-16,BEVERAGES,143598.0,171811.65493612998
2016-09-17,BEVERAGES,200090.0,235180.1254816316
2016-09-18,BEVERAGES,235321.0,249959.35626426438
2016-09-19,BEVERAGES,141236.0,186553.67118408406
2016-09-20,BEVERAGES,132262.0,166231.73222031398
2016-09-21,BEVERAGES,129414.0,167600.91347796848
2016-09-22,BEVERAGES,110130.0,160448.55859073007
2016-09-23,BEVERAGES,136138.0,181102.89684009238
2016-09-24,BEVERAGES,192610.0,243029.14945907853
2016-09-25,BEVERAGES,221098.0,256126.97111967675
2016-09-26,BEVERAGES,143488.0,193746.47822758183
2016-09-27,BEVERAGES,122181.0,172214.34756408544
2016-09-28,BEVERAGES,123595.0,167188.9385319568
2016-09-29,BEVERAGES,112182.0,154383.53686254832
2016-09-30,BEVERAGES,142867.0,177595.94822950696
2016-10-01,BEVERAGES,251375.0,238008.26917940623
2016-10-02,BEVERAGES,279121.0,251603.84427117457
2016-10-03,BEVERAGES,172823.0,192809.8121623227
2016-10-04,BEVERAGES,146150.0,171738.46071180777
2016-10-05,BEVERAGES,146410.0,171606.2696864649
2016-10-06,BEVERAGES,120057.0,125980.5097888572
2016-10-07,BEVERAGES,143269.0,146862.29794914543
2016-10-08,BEVERAGES,202566.0,207324.81414175147
2016-10-09,BEVERAGES,247109.0,221302.1387479393
2016-10-10,BEVERAGES,153350.0,164172.40442124786
2016-10-11,BEVERAGES,125318.0,144436.47260998096
2016-10-12,BEVERAGES,129236.0,138138.73219030804
2016-10-13,BEVERAGES,111697.0,129992.2904625354
2016-10-14,BEVERAGES,138234.0,149950.09044414456
2016-10-15,BEVERAGES,197333.0,210058.91198965683
2016-10-16,BEVERAGES,258559.0,223794.95674819732
2016-10-17,BEVERAGES,151406.0,164746.07419680658
2016-10-18,BEVERAGES,129897.0,144237.76208800936
2016-10-19,BEVERAGES,127212.0,140599.4707409888
2016-10-20,BEVERAGES,124603.0,137019.1003045634
2016-10-21,BEVERAGES,144526.0,163721.32588879747
2016-10-22,BEVERAGES,192343.0,224778.52873017723
2016-10-23,BEVERAGES,241561.0,239325.25786211932
2016-10-24,BEVERAGES,142098.0,181393.69342721067
2016-10-25,BEVERAGES,124323.0,159868.42282784486
2016-10-26,BEVERAGES,128716.0,196567.723242903
2016-10-27,BEVERAGES,120153.0,186727.51749185083
2016-10-28,BEVERAGES,136370.0,204762.7870186168
2016-10-29,BEVERAGES,194747.0,272339.2304476625
2016-10-30,BEVERAGES,232250.0,284729.43389521615
2016-10-31,BEVERAGES,148589.0,224542.7593109442
2016-11-01,BEVERAGES,182070.0,203779.4127720144
2016-11-02,BEVERAGES,215033.0,205959.5896086917
2016-11-03,BEVERAGES,180293.0,188169.82967098732
2016-11-04,BEVERAGES,193535.0,206339.39996350888
2016-11-05,BEVERAGES,208685.0,267527.65155672544
2016-11-06,BEVERAGES,270422.0,281666.28499567544
2016-11-07,BEVERAGES,187162.0,219659.38297316525
2016-11-08,BEVERAGES,166081.0,198040.56030016314
2016-11-09,BEVERAGES,164618.0,198324.46965248624
2016-11-10,BEVERAGES,129184.0,178850.98056389304
2016-11-11,BEVERAGES,150597.0,200489.9118645639
2016-11-12,BEVERAGES,222661.0,261595.1883882493
2016-11-13,BEVERAGES,291398.0,276920.124637122
2016-11-14,BEVERAGES,165265.0,211311.58920076545
2016-11-15,BEVERAGES,160177.0,196448.4038442193
2016-11-16,BEVERAGES,181322.0,204203.7191512706
2016-11-17,BEVERAGES,138887.0,182438.1347877393
2016-11-18,BEVERAGES,167311.0,203420.15852122952
2016-11-19,BEVERAGES,220970.0,269873.357389499
2016-11-20,BEVERAGES,278158.0,285418.7808528162
2016-11-21,BEVERAGES,172392.0,234636.1809348106
2016-11-22,BEVERAGES,151843.0,211578.27288973966
2016-11-23,BEVERAGES,157465.0,219473.03879740767
2016-11-24,BEVERAGES,133102.0,205596.5494874156
2016-11-25,BEVERAGES,170648.0,230702.86434963415
2016-11-26,BEVERAGES,223057.0,292579.3691085442
2016-11-27,BEVERAGES,263835.0,308492.910772894
2016-11-28,BEVERAGES,177635.0,245939.0491856878
2016-11-29,BEVERAGES,140124.0,217049.48661458696
2016-11-30,BEVERAGES,164748.0,228713.82318792772
2016-12-01,BEVERAGES,178953.0,226337.59827628572
2016-12-02,BEVERAGES,185360.0,243996.08209449152
2016-12-03,BEVERAGES,255126.0,311190.8175096335
2016-12-04,BEVERAGES,297968.0,327210.37355466
2016-12-05,BEVERAGES,182323.0,263752.33202241734
2016-12-06,BEVERAGES,207703.0,245585.89451119793
2016-12-07,BEVERAGES,178510.0,259111.7077842989
2016-12-08,BEVERAGES,140546.0,213918.83523607015
2016-12-09,BEVERAGES,163758.0,233590.6756805681
2016-12-10,BEVERAGES,209125.0,300090.14341971045
2016-12-11,BEVERAGES,260947.0,317880.4975129653
2016-12-12,BEVERAGES,168443.0,254397.87549751168
2016-12-13,BEVERAGES,148518.0,231485.78814949613
2016-12-14,BEVERAGES,159319.0,225237.98921303192
2016-12-15,BEVERAGES,146315.0,220841.4665504363
2016-12-16,BEVERAGES,169151.0,238769.56144364903
2016-12-17,BEVERAGES,226210.0,305887.8791794499
2016-12-18,BEVERAGES,270298.0,323316.59928979934
2016-12-19,BEVERAGES,196844.0,260066.57617169557
2016-12-20,BEVERAGES,194254.0,240279.9131294761
2016-12-21,BEVERAGES,198153.0,236052.12495663902
2016-12-22,BEVERAGES,198308.0,225647.50471871792
2016-12-23,BEVERAGES,226894.0,248623.11642162324
2016-12-24,BEVERAGES,236331.0,296067.56237428804
2016-12-26,BEVERAGES,227027.0,312273.3341478638
2016-12-27,BEVERAGES,177554.0,248916.7245032914
2016-12-28,BEVERAGES,192477.0,239415.6459652098
2016-12-29,BEVERAGES,186177.0,230111.31157968228
2016-12-30,BEVERAGES,240693.0,227133.345065089
2016-12-31,BEVERAGES,243518.0,246487.88204666154
2017-01-01,BEVERAGES,4008.0,209497.59320786578
2017-01-02,BEVERAGES,335235.0,289991.3156203692
2017-01-03,BEVERAGES,243422.0,231991.81058967434
2017-01-04,BEVERAGES,211239.0,235091.37259881836
2017-01-05,BEVERAGES,175975.0,191385.01701250437
2017-01-06,BEVERAGES,189393.0,185382.0526350892
2017-01-07,BEVERAGES,261820.0,206015.8255457294
2017-01-08,BEVERAGES,297197.0,264497.2214199773
2017-01-09,BEVERAGES,186203.0,273318.7313447357
2017-01-10,BEVERAGES,171274.0,215729.33563736358
2017-01-11,BEVERAGES,164531.0,197798.59369008016
2017-01-12,BEVERAGES,145461.0,193946.77076267637
2017-01-13,BEVERAGES,174206.0,196665.11187524983
2017-01-14,BEVERAGES,252034.0,217436.7592132701
2017-01-15,BEVERAGES,301353.0,276700.29321439366
2017-01-16,BEVERAGES,199820.0,287392.34441107686
2017-01-17,BEVERAGES,184129.0,230736.7828115938
2017-01-18,BEVERAGES,176227.0,214105.59866690414
2017-01-19,BEVERAGES,144535.0,205526.94632114022
2017-01-20,BEVERAGES,162192.0,195642.8781518481
2017-01-21,BEVERAGES,264633.0,216829.15759707993
2017-01-22,BEVERAGES,299512.0,276279.0228521654
2017-01-23,BEVERAGES,191891.0,285445.0578855558
2017-01-24,BEVERAGES,167718.0,229715.97481720205
2017-01-25,BEVERAGES,160219.0,212548.26972157735
2017-01-26,BEVERAGES,125294.0,189730.44556023678
2017-01-27,BEVERAGES,156006.0,183833.66765389856
2017-01-28,BEVERAGES,226837.0,203152.44864828236
2017-01-29,BEVERAGES,257357.0,260913.0852437619
2017-01-30,BEVERAGES,155191.0,270737.11053363886
2017-01-31,BEVERAGES,165171.0,220024.0067283127
2017-02-01,BEVERAGES,192241.0,195499.66040419045
2017-02-02,BEVERAGES,155016.0,187225.3673618274
2017-02-03,BEVERAGES,173306.0,178940.25307448115
2017-02-04,BEVERAGES,256450.0,198378.374895836
2017-02-05,BEVERAGES,265030.0,255159.0219392832
2017-02-06,BEVERAGES,171537.0,267568.45350138075
2017-02-07,BEVERAGES,156490.0,212099.81798368203
2017-02-08,BEVERAGES,161764.0,200814.9016584184
2017-02-09,BEVERAGES,132978.0,166337.51492263228
2017-02-10,BEVERAGES,164050.0,159063.8503390331
2017-02-11,BEVERAGES,220696.0,178691.09631488594
2017-02-12,BEVERAGES,255490.0,236789.90952368476
2017-02-13,BEVERAGES,169350.0,249329.04197631532
2017-02-14,BEVERAGES,129329.0,193250.31929365936
2017-02-15,BEVERAGES,147599.0,182381.95371606812
2017-02-16,BEVERAGES,137081.0,170268.51217620206
2017-02-17,BEVERAGES,156814.0,165156.95392104387
2017-02-18,BEVERAGES,246049.0,184653.79537750268
2017-02-19,BEVERAGES,213733.0,242889.6087536803
2017-02-20,BEVERAGES,167601.0,255833.14606058173
2017-02-21,BEVERAGES,157364.0,198764.41590189154
2017-02-22,BEVERAGES,148629.0,177406.00215412411
2017-02-23,BEVERAGES,149845.0,172044.53174672235
2017-02-24,BEVERAGES,182391.0,164655.2151107398
2017-02-25,BEVERAGES,230937.0,183907.4441962008
2017-02-26,BEVERAGES,168924.0,241423.25909155508
2017-02-27,BEVERAGES,165020.0,256363.23650645418
2017-02-28,BEVERAGES,212594.0,202268.70958442692
2017-03-01,BEVERAGES,204522.0,193073.15116364154
2017-03-02,BEVERAGES,180400.0,182553.68286693117
2017-03-03,BEVERAGES,186437.0,173972.800784013
2017-03-04,BEVERAGES,257990.0,194071.59281259577
2017-03-05,BEVERAGES,276118.0,251364.3519039575
2017-03-06,BEVERAGES,169456.0,259472.6111517973
2017-03-07,BEVERAGES,157163.0,199855.58149709864
2017-03-08,BEVERAGES,150271.0,177781.92316040816
2017-03-09,BEVERAGES,147502.0,184382.03769733256
2017-03-10,BEVERAGES,177393.0,175834.02458814543
2017-03-11,BEVERAGES,245596.0,196209.6499377814
2017-03-12,BEVERAGES,288397.0,254759.72620171722
2017-03-13,BEVERAGES,178705.0,265937.71216583974
2017-03-14,BEVERAGES,163684.0,208942.4347604027
2017-03-15,BEVERAGES,173812.0,192445.51052112452
2017-03-16,BEVERAGES,164418.0,185588.29070216516
2017-03-17,BEVERAGES,188890.0,177830.9714820207
2017-03-18,BEVERAGES,259101.0,197803.40837742083
2017-03-19,BEVERAGES,297490.0,256395.97066508443
2017-03-20,BEVERAGES,192579.0,269220.8707736095
2017-03-21,BEVERAGES,172289.0,212153.45288206625
2017-03-22,BEVERAGES,167424.0,191216.476218605
2017-03-23,BEVERAGES,153886.0,179983.73721234425
2017-03-24,BEVERAGES,182043.0,173569.0300032655
2017-03-25,BEVERAGES,257097.0,193545.6869162931
2017-03-26,BEVERAGES,284616.0,251221.40863379237
2017-03-27,BEVERAGES,188293.0,263396.8728589291
2017-03-28,BEVERAGES,164975.0,208059.22939631424
2017-03-29,BEVERAGES,177997.0,197075.4207294166
2017-03-30,BEVERAGES,136349.0,178345.1417121242
2017-03-31,BEVERAGES,188660.0,167748.69661788954
2017-04-01,BEVERAGES,336063.0,188012.47335014076
2017-04-02,BEVERAGES,264738.0,244900.65539137454
2017-04-03,BEVERAGES,188774.0,256895.49266675804
2017-04-04,BEVERAGES,184424.0,202678.56551871033
2017-04-05,BEVERAGES,181898.0,182399.52194338123
2017-04-06,BEVERAGES,153189.0,175653.0106706598
2017-04-07,BEVERAGES,171158.0,167134.3661763956
2017-04-08,BEVERAGES,228604.0,188051.32090629372
2017-04-09,BEVERAGES,262298.0,247350.70797354128
2017-04-10,BEVERAGES,170621.0,260644.73980673467
2017-04-11,BEVERAGES,163715.0,205952.54088784067
2017-04-12,BEVERAGES,171716.0,208231.8117121691
2017-04-13,BEVERAGES,177420.0,199702.67973342646
2017-04-14,BEVERAGES,179465.0,195470.83680094563
2017-04-15,BEVERAGES,216599.0,216787.1000316903
2017-04-16,BEVERAGES,233163.0,274823.6970763239
2017-04-17,BEVERAGES,175805.0,287320.93279494357
2017-04-18,BEVERAGES,158029.0,229436.98638318235
2017-04-19,BEVERAGES,149701.0,208758.12033711234
2017-04-20,BEVERAGES,144429.0,198518.58240474446
2017-04-21,BEVERAGES,169675.0,200409.180711061
2017-04-22,BEVERAGES,236707.0,222166.2726800129
2017-04-23,BEVERAGES,285611.0,283120.6911358752
2017-04-24,BEVERAGES,175184.0,293464.4514187238
2017-04-25,BEVERAGES,161949.0,237405.5174340739
2017-04-26,BEVERAGES,164587.0,221328.58834346867
2017-04-27,BEVERAGES,143934.0,208364.07748433482
2017-04-28,BEVERAGES,180469.0,201479.6299120955
2017-04-29,BEVERAGES,250534.0,223726.6509391602
2017-04-30,BEVERAGES,249008.0,281969.78155264596
2017-05-01,BEVERAGES,303807.0,290881.6070242189
2017-05-02,BEVERAGES,200529.0,232768.78774288966
2017-05-03,BEVERAGES,188754.0,214295.08223557402
2017-05-04,BEVERAGES,149629.0,185817.39405108758
2017-05-05,BEVERAGES,161279.0,178185.821325633
2017-05-06,BEVERAGES,233814.0,196529.70704567528
2017-05-07,BEVERAGES,287104.0,255840.93707525724
2017-05-08,BEVERAGES,166843.0,267304.6906952013
2017-05-09,BEVERAGES,145619.0,209838.24719756044
2017-05-10,BEVERAGES,147196.0,219351.13016038982
2017-05-11,BEVERAGES,135028.0,203766.12127257203
2017-05-12,BEVERAGES,154026.0,197076.957937353
2017-05-13,BEVERAGES,244193.0,219709.6215401617
2017-05-14,BEVERAGES,206986.0,278050.6706125369
2017-05-15,BEVERAGES,179114.0,287719.9569239252
2017-05-16,BEVERAGES,169098.0,230961.72750242066
2017-05-17,BEVERAGES,165675.0,211602.26161635356
2017-05-18,BEVERAGES,133381.0,203356.08296849747
2017-05-19,BEVERAGES,161718.0,197616.07457907958
2017-05-20,BEVERAGES,227900.0,218843.85144901334
2017-05-21,BEVERAGES,280849.0,278305.5024969753
2017-05-22,BEVERAGES,169143.0,288404.3839102223
2017-05-23,BEVERAGES,151437.0,231239.04807088873
2017-05-24,BEVERAGES,153706.0,230044.85225568732
2017-05-25,BEVERAGES,136779.0,203311.710315937
2017-05-26,BEVERAGES,212870.0,202433.0237562856
2017-05-27,BEVERAGES,212127.0,222234.14730973064
2017-05-28,BEVERAGES,254132.0,280786.92287212226
2017-05-29,BEVERAGES,171962.0,290957.4126513193
2017-05-30,BEVERAGES,158403.0,235958.63095886615
2017-05-31,BEVERAGES,174304.0,214200.58245542296
2017-06-01,BEVERAGES,166771.0,181335.76182145666
2017-06-02,BEVERAGES,204402.0,194252.26414063777
2017-06-03,BEVERAGES,278488.0,214288.34431739387
2017-06-04,BEVERAGES,339352.0,273479.35925997014
2017-06-05,BEVERAGES,214773.0,283069.9115129174
2017-06-06,BEVERAGES,184706.0,228192.25698815013
2017-06-07,BEVERAGES,181931.0,209724.88326138945
2017-06-08,BEVERAGES,152212.0,201464.67600110226
2017-06-09,BEVERAGES,178063.0,193451.24358751182
2017-06-10,BEVERAGES,242234.0,214332.40380885953
2017-06-11,BEVERAGES,311184.0,274576.4802190771
2017-06-12,BEVERAGES,176821.0,284536.72640678775
2017-06-13,BEVERAGES,158624.0,228916.3954243955
2017-06-14,BEVERAGES,158633.0,207593.68207211554
2017-06-15,BEVERAGES,142765.0,189199.54478952623
2017-06-16,BEVERAGES,181072.0,181874.59492348356
2017-06-17,BEVERAGES,250214.0,201296.65376487531
2017-06-18,BEVERAGES,245520.0,260259.8985863225
2017-06-19,BEVERAGES,179095.0,272593.8439045662
2017-06-20,BEVERAGES,173553.0,215612.76662002906
2017-06-21,BEVERAGES,154251.0,217705.4419568983
2017-06-22,BEVERAGES,125467.0,204039.08625686538
2017-06-23,BEVERAGES,160086.0,198252.50620141707
2017-06-24,BEVERAGES,218486.0,220214.17666633928
2017-06-25,BEVERAGES,263497.0,279870.56048232096
2017-06-26,BEVERAGES,166889.0,290227.9493807283
2017-06-27,BEVERAGES,140339.0,234359.830901165
2017-06-28,BEVERAGES,143776.0,223383.26521844533
2017-06-29,BEVERAGES,136268.0,219466.5447875156
2017-06-30,BEVERAGES,170346.0,204099.01550754593
2017-07-01,BEVERAGES,271027.0,226696.41107221605
2017-07-02,BEVERAGES,297619.0,284963.08827280044
2017-07-03,BEVERAGES,199766.0,297296.5135922852
2017-07-04,BEVERAGES,173857.0,241790.97202574898
2017-07-05,BEVERAGES,170074.0,239490.38578976205
2017-07-06,BEVERAGES,150965.0,231991.21795613982
2017-07-07,BEVERAGES,178964.0,225773.60086321252
2017-07-08,BEVERAGES,232222.0,245940.7504902887
2017-07-09,BEVERAGES,262375.0,303955.52308115776
2017-07-10,BEVERAGES,179826.0,311983.58176816255
2017-07-11,BEVERAGES,162466.0,256491.9059080309
2017-07-12,BEVERAGES,158262.0,248169.59839501494
2017-07-13,BEVERAGES,149968.0,227776.9508918546
2017-07-14,BEVERAGES,181719.0,222730.3473080809
2017-07-15,BEVERAGES,246513.0,243534.74632816718
2017-07-16,BEVERAGES,283097.0,303186.03656714276
2017-07-17,BEVERAGES,193199.0,313316.6068102941
2017-07-18,BEVERAGES,170182.0,257002.98536123894
2017-07-19,BEVERAGES,163361.0,235805.5611477248
2017-07-20,BEVERAGES,163747.0,229686.07428019407
2017-07-21,BEVERAGES,183117.0,210621.62638959347
2017-07-22,BEVERAGES,229380.0,218999.8353427565
2017-07-23,BEVERAGES,245466.0,278103.483946161
2017-07-24,BEVERAGES,188077.0,290000.63195171516
2017-07-25,BEVERAGES,160403.0,234343.17484480835
2017-07-26,BEVERAGES,156176.0,220876.4577958144
2017-07-27,BEVERAGES,141686.0,214845.87714591375
2017-07-28,BEVERAGES,191922.0,211099.4567189704
2017-07-29,BEVERAGES,249085.0,232178.6754295829
2017-07-30,BEVERAGES,274030.0,291016.3822083955
2017-07-31,BEVERAGES,195504.0,301224.7179473115
2017-08-01,BEVERAGES,215546.0,245089.2357438797
2017-08-02,BEVERAGES,204566.0,225647.70643792604
2017-08-03,BEVERAGES,156806.0,199420.57344349136
2017-08-04,BEVERAGES,187818.0,194037.21897542587
2017-08-05,BEVERAGES,225481.0,213124.35265843754
2017-08-06,BEVERAGES,250784.0,272618.6610989802
2017-08-07,BEVERAGES,179419.0,285644.9082848667
2017-08-08,BEVERAGES,160636.0,229979.4684986304
2017-08-09,BEVERAGES,153010.0,211447.6511176443
2017-08-10,BEVERAGES,156449.0,204639.3224790409
2017-08-11,BEVERAGES,189111.0,197443.5785035995
2017-08-12,BEVERAGES,182318.0,214927.89840025615
2017-08-13,BEVERAGES,202354.0,274313.30328347045
2017-08-14,BEVERAGES,174832.0,286980.2737678885
2017-08-15,BEVERAGES,170773.0,232942.28151834858
2016-07-01,PRODUCE,117024.16899,96725.13006814942
2016-07-02,PRODUCE,141802.4468,134199.6764132527
2016-07-03,PRODUCE,152959.676,127083.57961024737
2016-07-04,PRODUCE,117381.7879,99702.24736297764
2016-07-05,PRODUCE,116673.53,101471.1262261708
2016-07-06,PRODUCE,146525.3875,130030.42021998175
2016-07-07,PRODUCE,85655.574,76961.58932926935
2016-07-08,PRODUCE,102132.189,89456.53063270876
2016-07-09,PRODUCE,125279.3729,125533.96132115049
2016-07-10,PRODUCE,136741.7039,128451.91556315967
2016-07-11,PRODUCE,103746.323,95274.78706379888
2016-07-12,PRODUCE,108638.08117,94700.15601936159
2016-07-13,PRODUCE,135897.88905,122872.44532937134
2016-07-14,PRODUCE,82938.08803,73483.61335265083
2016-07-15,PRODUCE,99865.368,86933.12424384191
2016-07-16,PRODUCE,128279.579,123192.89733160642
2016-07-17,PRODUCE,135970.52571,121041.18332947131
2016-07-18,PRODUCE,107910.614,90160.54258515697
2016-07-19,PRODUCE,109814.9043,90649.10104332658
2016-07-20,PRODUCE,139282.85602,118652.61186091024
2016-07-21,PRODUCE,85961.173,67775.73469124838
2016-07-22,PRODUCE,97126.2123,79493.95206324854
2016-07-23,PRODUCE,119585.09698,115170.32196379403
2016-07-24,PRODUCE,125568.918,115711.64315220804
2016-07-25,PRODUCE,106650.17207,84215.06764869031
2016-07-26,PRODUCE,105798.599,83971.05326234971
2016-07-27,PRODUCE,131414.76094,94660.28490248596
2016-07-28,PRODUCE,81473.90403,62128.14352296338
2016-07-29,PRODUCE,98806.963,74789.4551142068
2016-07-30,PRODUCE,125017.38597,111444.56366058686
2016-07-31,PRODUCE,138034.1872,111385.94694169384
2016-08-01,PRODUCE,121880.7121,79217.88738777964
2016-08-02,PRODUCE,117085.99190000001,79891.57594499481
2016-08-03,PRODUCE,145292.40698,109597.20977832648
2016-08-04,PRODUCE,87929.84921,57680.51333025324
2016-08-05,PRODUCE,99641.2062,69341.0357755467
2016-08-06,PRODUCE,116783.75499,106813.99767097426
2016-08-07,PRODUCE,127529.23079,107044.78322619137
2016-08-08,PRODUCE,106103.5959,75442.84542509366
2016-08-09,PRODUCE,103758.71303,76808.26975606945
2016-08-10,PRODUCE,126806.62512,104445.1540879391
2016-08-11,PRODUCE,85095.61397,54439.69278826908
2016-08-12,PRODUCE,105803.7712,66645.72989515419
2016-08-13,PRODUCE,101316.139,104199.26685264894
2016-08-14,PRODUCE,110779.37299999999,104225.35342645666
2016-08-15,PRODUCE,108867.449,72619.09983977514
2016-08-16,PRODUCE,117288.8584,72818.5491768315
2016-08-17,PRODUCE,142100.151,102075.49396984333
2016-08-18,PRODUCE,83638.274,52128.527685839916
2016-08-19,PRODUCE,97872.593804,64695.5206582991
2016-08-20,PRODUCE,120558.7378,101041.7600972878
2016-08-21,PRODUCE,132526.01088,100890.10330194682
2016-08-22,PRODUCE,110616.1539,68738.60110761061
2016-08-23,PRODUCE,109768.156,69344.69055301356
2016-08-24,PRODUCE,135284.767,92751.91964756307
2016-08-25,PRODUCE,82983.34513,47741.13708111663
2016-08-26,PRODUCE,97482.48889,60478.162791967974
2016-08-27,PRODUCE,117167.63653999999,97012.39034007268
2016-08-28,PRODUCE,127553.57901,96927.902801257
2016-08-29,PRODUCE,104421.7298,65164.93135844997
2016-08-30,PRODUCE,105440.503,64781.23795911842
2016-08-31,PRODUCE,140528.05896,92577.88623050449
2016-09-01,PRODUCE,96261.908,41874.575291750094
2016-09-02,PRODUCE,110811.79877,53119.83311991739
2016-09-03,PRODUCE,137737.0399,89842.5733830946
2016-09-04,PRODUCE,144954.3876,89832.93694934552
2016-09-05,PRODUCE,110104.679,58178.55513410361
2016-09-06,PRODUCE,115898.162,57716.58800530664
2016-09-07,PRODUCE,142809.14899,86853.69613849603
2016-09-08,PRODUCE,85680.68464,36787.27380246894
2016-09-09,PRODUCE,96152.01699999999,48258.464231448015
2016-09-10,PRODUCE,128750.47112,84923.58395404404
2016-09-11,PRODUCE,142536.2271,84973.5405372869
2016-09-12,PRODUCE,102988.53908,53294.660621475865
2016-09-13,PRODUCE,104210.545,52799.867437442634
2016-09-14,PRODUCE,133177.48699,80916.8642626338
2016-09-15,PRODUCE,82817.72502,31059.006888866712
2016-09-16,PRODUCE,100497.35234,42935.55104568135
2016-09-17,PRODUCE,130363.1645,79600.50766504683
2016-09-18,PRODUCE,145619.11558,79644.76072466522
2016-09-19,PRODUCE,104423.301,47949.24356122343
2016-09-20,PRODUCE,109630.6449,48514.92392188586
2016-09-21,PRODUCE,137831.309,76294.35042301919
2016-09-22,PRODUCE,82191.6561,27346.948375891243
2016-09-23,PRODUCE,100287.53177,38714.65180731399
2016-09-24,PRODUCE,125216.33903999999,75510.40493743472
2016-09-25,PRODUCE,141707.37,75641.70822025773
2016-09-26,PRODUCE,102474.46232,44131.80328213243
2016-09-27,PRODUCE,102597.3858,43953.13209993627
2016-09-28,PRODUCE,133065.47403,69434.27075047817
2016-09-29,PRODUCE,77462.85907,22944.35690112595
2016-09-30,PRODUCE,98878.82197,36397.46402405131
2016-10-01,PRODUCE,147899.16128,72842.49670111835
2016-10-02,PRODUCE,167616.069,72902.20469074933
2016-10-03,PRODUCE,115239.28297,41451.31882288908
2016-10-04,PRODUCE,111537.23,41991.45456530414
2016-10-05,PRODUCE,144696.086,70460.64750200123
2016-10-06,PRODUCE,84512.46220000001,28969.270487519607
2016-10-07,PRODUCE,104712.76221,42306.03027689585
2016-10-08,PRODUCE,135984.2709,80024.58921480198
2016-10-09,PRODUCE,156253.834,79431.34801917827
2016-10-10,PRODUCE,111717.9859,48191.17138003078
2016-10-11,PRODUCE,111443.614,49524.61763265567
2016-10-12,PRODUCE,144451.53872,66611.28293980143
2016-10-13,PRODUCE,84177.813,26477.334977420534
2016-10-14,PRODUCE,102528.405,38689.33750780004
2016-10-15,PRODUCE,130338.265,75906.92963858548
2016-10-16,PRODUCE,161055.9922,75347.43492038519
2016-10-17,PRODUCE,113424.59497,42915.90245277199
2016-10-18,PRODUCE,106860.822,43667.78036190382
2016-10-19,PRODUCE,138579.652,61732.28028148975
2016-10-20,PRODUCE,90478.11412,22435.920384075856
2016-10-21,PRODUCE,103681.18397,35364.199980583675
2016-10-22,PRODUCE,124247.48,71672.2617713669
2016-10-23,PRODUCE,149830.874,71729.97222127637
2016-10-24,PRODUCE,103186.31506,39705.26124347655
2016-10-25,PRODUCE,108796.62,39155.67858758116
2016-10-26,PRODUCE,133634.09562,57969.155277011516
2016-10-27,PRODUCE,77873.08988,6441.793245365581
2016-10-28,PRODUCE,90014.1701,18635.401063850964
2016-10-29,PRODUCE,112100.80197,55094.7789708311
2016-10-30,PRODUCE,122866.2062,54811.05808977189
2016-10-31,PRODUCE,83629.75702,23441.349587510947
2016-11-01,PRODUCE,110844.053,21038.605063648287
2016-11-02,PRODUCE,140817.198,54240.55522605561
2016-11-03,PRODUCE,97017.97899,0.0
2016-11-04,PRODUCE,106851.84541,11560.874985918932
2016-11-05,PRODUCE,109198.9847,48980.58183123976
2016-11-06,PRODUCE,148466.49300000002,48461.73351514993
2016-11-07,PRODUCE,122608.58197,16764.458991603962
2016-11-08,PRODUCE,120888.00239,14837.183973223422
2016-11-09,PRODUCE,151094.28902999999,50825.09863349945
2016-11-10,PRODUCE,82815.596,0.0
2016-11-11,PRODUCE,97381.198,6046.587051642688
2016-11-12,PRODUCE,124164.38103,42728.70975783449
2016-11-13,PRODUCE,159990.8963,43358.652978366255
2016-11-14,PRODUCE,104422.07398999999,11308.362860353693
2016-11-15,PRODUCE,106354.06,11788.444643654722
2016-11-16,PRODUCE,151705.19888,37933.32701367064
2016-11-17,PRODUCE,87913.11397,0.0
2016-11-18,PRODUCE,102969.51783,5199.574757739014
2016-11-19,PRODUCE,128935.16,42343.328964433924
2016-11-20,PRODUCE,156388.32511,42703.985835191335
2016-11-21,PRODUCE,112803.9229,11155.292904558319
2016-11-22,PRODUCE,111499.34,11791.125445659469
2016-11-23,PRODUCE,149322.33441,40671.857352827246
2016-11-24,PRODUCE,85241.55613,0.0
2016-11-25,PRODUCE,97871.952,0.0
2016-11-26,PRODUCE,122751.04427,37099.438333340324
2016-11-27,PRODUCE,147993.101,37012.21414327806
2016-11-28,PRODUCE,112015.044,4404.60865980032
2016-11-29,PRODUCE,108805.6412,4946.759166109754
2016-11-30,PRODUCE,146104.92429,38491.14857145338
2016-12-01,PRODUCE,100245.89603,0.0
2016-12-02,PRODUCE,108082.59399,0.0
2016-12-03,PRODUCE,135894.73003,35031.30468689673
2016-12-04,PRODUCE,159847.58322,34971.907178780355
2016-12-05,PRODUCE,106862.22903,2458.7337773688923
2016-12-06,PRODUCE,134159.5761,4877.954632775181
2016-12-07,PRODUCE,153807.441,33757.06211634949
2016-12-08,PRODUCE,91172.7219,0.0
2016-12-09,PRODUCE,105139.791,0.0
2016-12-10,PRODUCE,119633.42,32354.724551602154
2016-12-11,PRODUCE,146922.886,32738.94275827981
2016-12-12,PRODUCE,108266.47290000001,1014.0007328856445
2016-12-13,PRODUCE,114022.6098,3867.2782875837147
2016-12-14,PRODUCE,145507.435,29822.12707236039
2016-12-15,PRODUCE,94253.7169,0.0
2016-12-16,PRODUCE,111633.507,0.0
2016-12-17,PRODUCE,131549.1912,28188.534881877924
2016-12-18,PRODUCE,155663.9546,28284.739441754173
2016-12-19,PRODUCE,122554.20388,0.0
2016-12-20,PRODUCE,135833.595,370.7211132179582
2016-12-21,PRODUCE,179251.71297,25190.136868513277
2016-12-22,PRODUCE,140444.942,0.0
2016-12-23,PRODUCE,176327.96600000001,0.0
2016-12-24,PRODUCE,188809.162,21850.07668090196
2016-12-26,PRODUCE,133689.661,21635.899420714202
2016-12-27,PRODUCE,130069.1001,25288.952240549355
2016-12-28,PRODUCE,160229.2219,27374.23654672577
2016-12-29,PRODUCE,126652.839,0.0
2016-12-30,PRODUCE,175022.194,0.0
2016-12-31,PRODUCE,184154.669,0.0
2017-01-01,PRODUCE,1682.844,14199.870304710821
2017-01-02,PRODUCE,184113.0289,17246.799829645704
2017-01-03,PRODUCE,183306.2268,22627.416537540856
2017-01-04,PRODUCE,187242.1896,23152.529633242448
2017-01-05,PRODUCE,111743.098,0.0
2017-01-06,PRODUCE,121280.8321,0.0
2017-01-07,PRODUCE,149336.77790000002,0.0
2017-01-08,PRODUCE,162142.03704999998,13308.434158192598
2017-01-09,PRODUCE,113244.155,12794.138294788807
2017-01-10,PRODUCE,122204.1531,17764.467575899223
2017-01-11,PRODUCE,157241.45103,18358.473831046547
2017-01-12,PRODUCE,94540.97203,0.0
2017-01-13,PRODUCE,112292.71927,0.0
2017-01-14,PRODUCE,143640.7482,0.0
2017-01-15,PRODUCE,164374.71,9721.08587363634
2017-01-16,PRODUCE,120855.1721,8884.145615816651
2017-01-17,PRODUCE,124250.2049,13085.8881675726
2017-01-18,PRODUCE,160499.0907,13924.065835086658
2017-01-19,PRODUCE,90243.9799,0.0
2017-01-20,PRODUCE,108341.387,0.0
2017-01-21,PRODUCE,153859.66097,0.0
2017-01-22,PRODUCE,167489.5115,4131.672230912707
2017-01-23,PRODUCE,117111.4261,3978.015684813574
2017-01-24,PRODUCE,121371.36689,10170.334524944308
2017-01-25,PRODUCE,154964.40788,9883.586377814281
2017-01-26,PRODUCE,89687.188,0.0
2017-01-27,PRODUCE,108342.701,0.0
2017-01-28,PRODUCE,141476.8201,0.0
2017-01-29,PRODUCE,156586.304,0.0
2017-01-30,PRODUCE,107300.76703,0.0
2017-01-31,PRODUCE,130130.9679,4819.138019019752
2017-02-01,PRODUCE,180631.3989,5573.224138735459
2017-02-02,PRODUCE,103550.3658,0.0
2017-02-03,PRODUCE,115459.8568,0.0
2017-02-04,PRODUCE,149599.11145,0.0
2017-02-05,PRODUCE,160564.32813,0.0
2017-02-06,PRODUCE,115803.0482,0.0
2017-02-07,PRODUCE,125034.31633,0.0
2017-02-08,PRODUCE,157578.43623,0.0
2017-02-09,PRODUCE,95425.87593,0.0
2017-02-10,PRODUCE,114692.55687,0.0
2017-02-11,PRODUCE,139090.155,0.0
2017-02-12,PRODUCE,157674.38999999998,0.0
2017-02-13,PRODUCE,121067.266,0.0
2017-02-14,PRODUCE,112781.163,0.0
2017-02-15,PRODUCE,157831.072,0.0
2017-02-16,PRODUCE,95892.37802999999,0.0
2017-02-17,PRODUCE,115640.6651,0.0
2017-02-18,PRODUCE,155227.737,0.0
2017-02-19,PRODUCE,123456.217,0.0
2017-02-20,PRODUCE,113381.9289,0.0
2017-02-21,PRODUCE,121860.132,0.0
2017-02-22,PRODUCE,147310.6254,0.0
2017-02-23,PRODUCE,93296.60902,0.0
2017-02-24,PRODUCE,111756.46598,0.0
2017-02-25,PRODUCE,135490.36601,0.0
2017-02-26,PRODUCE,104141.39295,0.0
2017-02-27,PRODUCE,101270.41,0.0
2017-02-28,PRODUCE,145824.505,0.0
2017-03-01,PRODUCE,187648.14097,0.0
2017-03-02,PRODUCE,118747.003,0.0
2017-03-03,PRODUCE,129347.01911,0.0
2017-03-04,PRODUCE,147338.8162,0.0
2017-03-05,PRODUCE,160039.54912,0.0
2017-03-06,PRODUCE,111966.00913,0.0
2017-03-07,PRODUCE,126012.519,0.0
2017-03-08,PRODUCE,153886.43600000002,0.0
2017-03-09,PRODUCE,96172.034,0.0
2017-03-10,PRODUCE,110633.82691,0.0
2017-03-11,PRODUCE,138016.39783,0.0
2017-03-12,PRODUCE,160320.01,0.0
2017-03-13,PRODUCE,112274.1521,0.0
2017-03-14,PRODUCE,119961.2556,0.0
2017-03-15,PRODUCE,161224.9953,0.0
2017-03-16,PRODUCE,97076.61781,0.0
2017-03-17,PRODUCE,113170.05732,0.0
2017-03-18,PRODUCE,139267.04003,0.0
2017-03-19,PRODUCE,158993.8688,0.0
2017-03-20,PRODUCE,120482.91692,0.0
2017-03-21,PRODUCE,124758.4691,0.0
2017-03-22,PRODUCE,153791.19094,0.0
2017-03-23,PRODUCE,89006.72801,0.0
2017-03-24,PRODUCE,107276.9728,0.0
2017-03-25,PRODUCE,136181.705,0.0
2017-03-26,PRODUCE,149023.5519,0.0
2017-03-27,PRODUCE,110965.716,0.0
2017-03-28,PRODUCE,111833.7387,0.0
2017-03-29,PRODUCE,155619.104,0.0
2017-03-30,PRODUCE,89323.644,0.0
2017-03-31,PRODUCE,122156.8139,0.0
2017-04-01,PRODUCE,183265.5323,0.0
2017-04-02,PRODUCE,137925.6279,0.0
2017-04-03,PRODUCE,103579.914,0.0
2017-04-04,PRODUCE,123878.9229,0.0
2017-04-05,PRODUCE,156538.89397,0.0
2017-04-06,PRODUCE,91817.6801,0.0
2017-04-07,PRODUCE,106119.922,0.0
2017-04-08,PRODUCE,131890.91401,0.0
2017-04-09,PRODUCE,149727.05701,0.0
2017-04-10,PRODUCE,104994.853026,0.0
2017-04-11,PRODUCE,117626.8942,0.0
2017-04-12,PRODUCE,146053.25303,0.0
2017-04-13,PRODUCE,103799.8892,0.0
2017-04-14,PRODUCE,98551.67501,0.0
2017-04-15,PRODUCE,118001.23698,0.0
2017-04-16,PRODUCE,136626.8241,0.0
2017-04-17,PRODUCE,115072.02088,0.0
2017-04-18,PRODUCE,122926.80178,0.0
2017-04-19,PRODUCE,150861.6241,0.0
2017-04-20,PRODUCE,99341.3709,0.0
2017-04-21,PRODUCE,115478.073,0.0
2017-04-22,PRODUCE,134587.308,0.0
2017-04-23,PRODUCE,153961.1297,0.0
2017-04-24,PRODUCE,105016.26999,0.0
2017-04-25,PRODUCE,117557.4206,0.0
2017-04-26,PRODUCE,154077.84100000001,0.0
2017-04-27,PRODUCE,89218.8541,0.0
2017-04-28,PRODUCE,111904.023,0.0
2017-04-29,PRODUCE,140346.73192,0.0
2017-04-30,PRODUCE,136304.71,0.0
2017-05-01,PRODUCE,167558.576,0.0
2017-05-02,PRODUCE,143387.5751,0.0
2017-05-03,PRODUCE,171768.9,0.0
2017-05-04,PRODUCE,98646.095,0.0
2017-05-05,PRODUCE,108662.378,0.0
2017-05-06,PRODUCE,140355.68797,0.0
2017-05-07,PRODUCE,166040.73097,0.0
2017-05-08,PRODUCE,113041.193,0.0
2017-05-09,PRODUCE,121685.38893,0.0
2017-05-10,PRODUCE,156932.2731,0.0
2017-05-11,PRODUCE,90412.928,0.0
2017-05-12,PRODUCE,113573.528,0.0
2017-05-13,PRODUCE,167037.76097,0.0
2017-05-14,PRODUCE,129442.522,0.0
2017-05-15,PRODUCE,119972.282,0.0
2017-05-16,PRODUCE,133869.5541,0.0
2017-05-17,PRODUCE,166802.7749,0.0
2017-05-18,PRODUCE,91756.922,0.0
2017-05-19,PRODUCE,111261.7918,0.0
2017-05-20,PRODUCE,142857.93693,0.0
2017-05-21,PRODUCE,169556.52304,0.0
2017-05-22,PRODUCE,115290.9681,0.0
2017-05-23,PRODUCE,120140.44,0.0
2017-05-24,PRODUCE,150621.8632,0.0
2017-05-25,PRODUCE,93178.08302,0.0
2017-05-26,PRODUCE,136728.88403000002,0.0
2017-05-27,PRODUCE,127602.96220000001,0.0
2017-05-28,PRODUCE,148853.38077,0.0
2017-05-29,PRODUCE,117128.7141,0.0
2017-05-30,PRODUCE,124015.70598,0.0
2017-05-31,PRODUCE,160848.4135,0.0
2017-06-01,PRODUCE,105935.2799,0.0
2017-06-02,PRODUCE,123526.768,0.0
2017-06-03,PRODUCE,149040.934,0.0
2017-06-04,PRODUCE,180153.6175,0.0
2017-06-05,PRODUCE,122218.7411,0.0
2017-06-06,PRODUCE,127029.62198,0.0
2017-06-07,PRODUCE,165268.42307,0.0
2017-06-08,PRODUCE,92185.726,0.0
2017-06-09,PRODUCE,112965.04103,0.0
2017-06-10,PRODUCE,133761.407,0.0
2017-06-11,PRODUCE,166293.979,0.0
2017-06-12,PRODUCE,114176.76888,0.0
2017-06-13,PRODUCE,123017.4998,0.0
2017-06-14,PRODUCE,159293.07903,0.0
2017-06-15,PRODUCE,97013.24403,0.0
2017-06-16,PRODUCE,124173.9535,0.0
2017-06-17,PRODUCE,165171.2549,0.0
2017-06-18,PRODUCE,137194.42902,0.0
2017-06-19,PRODUCE,118277.07673,0.0
2017-06-20,PRODUCE,129791.265,0.0
2017-06-21,PRODUCE,156459.2463,0.0
2017-06-22,PRODUCE,90698.878,0.0
2017-06-23,PRODUCE,112962.568,0.0
2017-06-24,PRODUCE,138565.682,0.0
2017-06-25,PRODUCE,155953.9088,0.0
2017-06-26,PRODUCE,113866.377,0.0
2017-06-27,PRODUCE,118274.7379,0.0
2017-06-28,PRODUCE,154674.94002,0.0
2017-06-29,PRODUCE,92482.67185,0.0
2017-06-30,PRODUCE,113161.5359,0.0
2017-07-01,PRODUCE,155487.6309,0.0
2017-07-02,PRODUCE,172890.1386,0.0
2017-07-03,PRODUCE,130389.19902,0.0
2017-07-04,PRODUCE,131534.54802,0.0
2017-07-05,PRODUCE,163804.33002999998,0.0
2017-07-06,PRODUCE,99395.60498,0.0
2017-07-07,PRODUCE,114346.5741,0.0
2017-07-08,PRODUCE,139294.773,0.0
2017-07-09,PRODUCE,156633.9205,0.0
2017-07-10,PRODUCE,118856.99105,0.0
2017-07-11,PRODUCE,122176.3577,0.0
2017-07-12,PRODUCE,152978.41097,0.0
2017-07-13,PRODUCE,92111.273,0.0
2017-07-14,PRODUCE,110263.07920000001,0.0
2017-07-15,PRODUCE,133166.714,0.0
2017-07-16,PRODUCE,157883.056,0.0
2017-07-17,PRODUCE,119026.4402,0.0
2017-07-18,PRODUCE,118281.401,0.0
2017-07-19,PRODUCE,150952.69807,0.0
2017-07-20,PRODUCE,97593.16687,0.0
2017-07-21,PRODUCE,110555.1281,0.0
2017-07-22,PRODUCE,130700.67968,0.0
2017-07-23,PRODUCE,146226.4572,0.0
2017-07-24,PRODUCE,117117.09501,0.0
2017-07-25,PRODUCE,115457.6587,0.0
2017-07-26,PRODUCE,145917.9191,0.0
2017-07-27,PRODUCE,90481.2861,0.0
2017-07-28,PRODUCE,111948.89,0.0
2017-07-29,PRODUCE,131988.66197000002,0.0
2017-07-30,PRODUCE,146045.795,0.0
2017-07-31,PRODUCE,121885.59180000001,0.0
2017-08-01,PRODUCE,140895.7281,0.0
2017-08-02,PRODUCE,168636.3691,0.0
2017-08-03,PRODUCE,96779.92912,0.0
2017-08-04,PRODUCE,112283.25133,0.0
2017-08-05,PRODUCE,130624.3885,0.0
2017-08-06,PRODUCE,144455.714,0.0
2017-08-07,PRODUCE,114001.20483,0.0
2017-08-08,PRODUCE,117100.9151,0.0
2017-08-09,PRODUCE,143806.117,0.0
2017-08-10,PRODUCE,90194.304,0.0
2017-08-11,PRODUCE,118738.143,0.0
2017-08-12,PRODUCE,111788.3509,0.0
2017-08-13,PRODUCE,125923.8024,0.0
2017-08-14,PRODUCE,115257.59598,0.0
2017-08-15,PRODUCE,125108.971,0.0
2016-07-01,CLEANING,72036.0,50093.357663335926
2016-07-02,CLEANING,94055.0,67475.14039120673
2016-07-03,CLEANING,94320.0,63727.296758604425
2016-07-04,CLEANING,70256.0,54094.75592872275
2016-07-05,CLEANING,60800.0,50629.36041525103
2016-07-06,CLEANING,59688.0,55216.91589044656
2016-07-07,CLEANING,49501.0,40091.21151090896
2016-07-08,CLEANING,53204.0,44991.9267135816
2016-07-09,CLEANING,69132.0,63276.02852418799
2016-07-10,CLEANING,72232.0,63799.056960562804
2016-07-11,CLEANING,54663.0,50880.57685480095
2016-07-12,CLEANING,47712.0,44708.692185817985
2016-07-13,CLEANING,46781.0,47337.70354484796
2016-07-14,CLEANING,40664.0,40173.62690028327
2016-07-15,CLEANING,49851.0,43006.6892015125
2016-07-16,CLEANING,69638.0,62466.34023840937
2016-07-17,CLEANING,70670.0,61535.49235190431
2016-07-18,CLEANING,55958.0,47552.43649514105
2016-07-19,CLEANING,48608.0,43383.46840096082
2016-07-20,CLEANING,50883.0,45919.262653291255
2016-07-21,CLEANING,45469.0,44848.79530181656
2016-07-22,CLEANING,49238.0,45237.94908223263
2016-07-23,CLEANING,64768.0,64463.28870988646
2016-07-24,CLEANING,64144.0,63925.25169703929
2016-07-25,CLEANING,54183.0,50908.59327263119
2016-07-26,CLEANING,48992.0,46683.7962995043
2016-07-27,CLEANING,46928.0,47243.40608917271
2016-07-28,CLEANING,42618.0,44681.803616844714
2016-07-29,CLEANING,51159.0,46371.777641525914
2016-07-30,CLEANING,77264.0,65179.13173831775
2016-07-31,CLEANING,81880.0,61324.2987246297
2016-08-01,CLEANING,79022.0,50890.158243293845
2016-08-02,CLEANING,67116.0,48321.14171176194
2016-08-03,CLEANING,63886.0,50762.240491483666
2016-08-04,CLEANING,51859.0,42313.500628164154
2016-08-05,CLEANING,53850.0,44090.119872076495
2016-08-06,CLEANING,69906.0,61814.842158643994
2016-08-07,CLEANING,70528.0,61861.40538054992
2016-08-08,CLEANING,57731.0,48011.93136238023
2016-08-09,CLEANING,50423.0,43994.15822034697
2016-08-10,CLEANING,48822.0,46072.25977758332
2016-08-11,CLEANING,44812.0,41271.177527662774
2016-08-12,CLEANING,53515.0,43023.73383132272
2016-08-13,CLEANING,53609.0,60780.79348355634
2016-08-14,CLEANING,57045.0,61073.55360146394
2016-08-15,CLEANING,56724.0,48639.42546492442
2016-08-16,CLEANING,56683.0,45608.46108038917
2016-08-17,CLEANING,54244.0,48228.19570106188
2016-08-18,CLEANING,46060.0,43754.934477413844
2016-08-19,CLEANING,51106.0,45514.04297918191
2016-08-20,CLEANING,67081.0,63689.12503757789
2016-08-21,CLEANING,70110.0,63287.993623401424
2016-08-22,CLEANING,57144.0,49207.77023984613
2016-08-23,CLEANING,52091.0,45656.45067800722
2016-08-24,CLEANING,49599.0,47253.074870009776
2016-08-25,CLEANING,43604.0,43387.234470401396
2016-08-26,CLEANING,48183.0,45676.46146612651
2016-08-27,CLEANING,63147.0,64037.812936688526
2016-08-28,CLEANING,66367.0,63873.81837460514
2016-08-29,CLEANING,53567.0,50141.72609921979
2016-08-30,CLEANING,49298.0,46459.07605571135
2016-08-31,CLEANING,58647.0,47843.70267013339
2016-09-01,CLEANING,63592.0,44191.66121119574
2016-09-02,CLEANING,69332.0,45686.60085552167
2016-09-03,CLEANING,90587.0,60351.191591737355
2016-09-04,CLEANING,91465.0,60296.74131034178
2016-09-05,CLEANING,67997.0,46447.7893721208
2016-09-06,CLEANING,60604.0,42263.162802729654
2016-09-07,CLEANING,57126.0,44106.8391196377
2016-09-08,CLEANING,49296.0,45719.504298284206
2016-09-09,CLEANING,50013.0,46873.93235042199
2016-09-10,CLEANING,71744.0,66212.46804014081
2016-09-11,CLEANING,77556.0,65878.75744942327
2016-09-12,CLEANING,54377.0,51863.29907779414
2016-09-13,CLEANING,47675.0,48117.686035034596
2016-09-14,CLEANING,45382.0,50541.55637415875
2016-09-15,CLEANING,49138.0,61999.8961755342
2016-09-16,CLEANING,55966.0,65684.59119944478
2016-09-17,CLEANING,72959.0,84181.36598459026
2016-09-18,CLEANING,77927.0,85035.61052668751
2016-09-19,CLEANING,56345.0,69643.01279376312
2016-09-20,CLEANING,58478.0,65403.724341365916
2016-09-21,CLEANING,55341.0,68770.93825137787
2016-09-22,CLEANING,44591.0,63603.35846673473
2016-09-23,CLEANING,50453.0,66321.50009640076
2016-09-24,CLEANING,69864.0,85159.79405455657
2016-09-25,CLEANING,71268.0,84962.68481878367
2016-09-26,CLEANING,51997.0,70153.4597552997
2016-09-27,CLEANING,47188.0,65597.49210880106
2016-09-28,CLEANING,50902.0,66842.5385771182
2016-09-29,CLEANING,41842.0,58669.71149681687
2016-09-30,CLEANING,57135.0,59904.654140017214
2016-10-01,CLEANING,103205.0,76898.00077117307
2016-10-02,CLEANING,104879.0,76117.4414611682
2016-10-03,CLEANING,73703.0,61737.59733350257
2016-10-04,CLEANING,62106.0,65871.4349278399
2016-10-05,CLEANING,60493.0,67918.1879963592
2016-10-06,CLEANING,47473.0,58007.809660842904
2016-10-07,CLEANING,55376.0,60080.81959900634
2016-10-08,CLEANING,73459.0,79422.34456486971
2016-10-09,CLEANING,81354.0,79398.1055957559
2016-10-10,CLEANING,57792.0,65830.72634091802
2016-10-11,CLEANING,48784.0,59835.40784116296
2016-10-12,CLEANING,47983.0,62701.203557653425
2016-10-13,CLEANING,42949.0,57965.62482377031
2016-10-14,CLEANING,50588.0,60294.60923483905
2016-10-15,CLEANING,68437.0,78352.7119640116
2016-10-16,CLEANING,80761.0,80129.27133058077
2016-10-17,CLEANING,54139.0,66646.50187994825
2016-10-18,CLEANING,51418.0,60930.469758900304
2016-10-19,CLEANING,47031.0,64109.959435115394
2016-10-20,CLEANING,48612.0,57701.42326540928
2016-10-21,CLEANING,48454.0,59202.67645066063
2016-10-22,CLEANING,64095.0,77907.31534428065
2016-10-23,CLEANING,74210.0,78968.77803114103
2016-10-24,CLEANING,51568.0,63131.9162796272
2016-10-25,CLEANING,46347.0,58694.78672422226
2016-10-26,CLEANING,45718.0,75085.57691072147
2016-10-27,CLEANING,43308.0,68472.62331522277
2016-10-28,CLEANING,49353.0,70824.75215758788
2016-10-29,CLEANING,67645.0,92471.26875584139
2016-10-30,CLEANING,75697.0,92212.88541474883
2016-10-31,CLEANING,53758.0,75337.66058955406
2016-11-01,CLEANING,69451.0,67659.43367121447
2016-11-02,CLEANING,78145.0,73123.24509928018
2016-11-03,CLEANING,65923.0,65370.050866245685
2016-11-04,CLEANING,68614.0,66482.158218638
2016-11-05,CLEANING,71954.0,84189.31119937992
2016-11-06,CLEANING,88851.0,86844.0657314414
2016-11-07,CLEANING,69582.0,70059.21076316369
2016-11-08,CLEANING,65616.0,65567.02543092504
2016-11-09,CLEANING,61613.0,74218.36761657738
2016-11-10,CLEANING,47729.0,64005.19301058072
2016-11-11,CLEANING,55936.0,66719.83970898118
2016-11-12,CLEANING,71354.0,86317.31759578141
2016-11-13,CLEANING,91582.0,87036.3994830226
2016-11-14,CLEANING,55360.0,62383.13113766699
2016-11-15,CLEANING,50897.0,60043.673871489074
2016-11-16,CLEANING,59465.0,62522.90650006756
2016-11-17,CLEANING,45575.0,42857.65424728171
2016-11-18,CLEANING,49828.0,47830.03197509024
2016-11-19,CLEANING,68814.0,67646.59205709145
2016-11-20,CLEANING,76749.0,67860.96198029924
2016-11-21,CLEANING,58946.0,53239.10789543226
2016-11-22,CLEANING,52517.0,49772.45301093724
2016-11-23,CLEANING,53936.0,56699.05654498029
2016-11-24,CLEANING,48487.0,44095.31491639084
2016-11-25,CLEANING,56782.0,45957.45272965355
2016-11-26,CLEANING,70165.0,65267.0310048261
2016-11-27,CLEANING,74347.0,64336.55101824946
2016-11-28,CLEANING,53833.0,50337.79973171473
2016-11-29,CLEANING,47457.0,45608.115351917295
2016-11-30,CLEANING,54772.0,46764.22268335747
2016-12-01,CLEANING,70321.0,41858.27962040962
2016-12-02,CLEANING,69089.0,55317.72714870161
2016-12-03,CLEANING,93749.0,74158.81458003813
2016-12-04,CLEANING,106446.0,74360.0424353836
2016-12-05,CLEANING,71720.0,58451.35033142365
2016-12-06,CLEANING,74315.0,55612.652821519165
2016-12-07,CLEANING,69883.0,63845.60713218343
2016-12-08,CLEANING,51430.0,52917.11740099901
2016-12-09,CLEANING,56281.0,57751.6659359419
2016-12-10,CLEANING,70753.0,76194.74771260397
2016-12-11,CLEANING,82977.0,76702.53318947872
2016-12-12,CLEANING,57608.0,61343.02470767351
2016-12-13,CLEANING,51948.0,57208.5050643152
2016-12-14,CLEANING,54423.0,59705.832796197144
2016-12-15,CLEANING,54059.0,53725.45032882977
2016-12-16,CLEANING,59239.0,58566.08662331246
2016-12-17,CLEANING,82230.0,77544.2387404178
2016-12-18,CLEANING,93399.0,78896.41476741065
2016-12-19,CLEANING,71078.0,63436.15165948546
2016-12-20,CLEANING,73754.0,59096.51449749005
2016-12-21,CLEANING,77190.0,61841.34451112179
2016-12-22,CLEANING,74707.0,55042.252984148014
2016-12-23,CLEANING,85189.0,58109.14189103424
2016-12-24,CLEANING,90433.0,75178.42565129051
2016-12-26,CLEANING,91092.0,75360.6653114847
2016-12-27,CLEANING,72206.0,60433.77173168684
2016-12-28,CLEANING,78308.0,62118.34577904333
2016-12-29,CLEANING,75062.0,64053.6454371864
2016-12-30,CLEANING,90013.0,60214.32342291351
2016-12-31,CLEANING,83278.0,59387.467389681544
2017-01-01,CLEANING,405.0,49957.99646892373
2017-01-02,CLEANING,120617.0,62463.68233944672
2017-01-03,CLEANING,92443.0,50307.7175453119
2017-01-04,CLEANING,81434.0,49657.19118393748
2017-01-05,CLEANING,67059.0,46810.2777086958
2017-01-06,CLEANING,67911.0,46835.67882751599
2017-01-07,CLEANING,95113.0,50062.06886922389
2017-01-08,CLEANING,96337.0,66983.17752326392
2017-01-09,CLEANING,65233.0,64989.475378017654
2017-01-10,CLEANING,59545.0,50929.351413882105
2017-01-11,CLEANING,56362.0,46598.13018570714
2017-01-12,CLEANING,49093.0,48955.98549607198
2017-01-13,CLEANING,55920.0,44897.37569573303
2017-01-14,CLEANING,78301.0,47551.88885879723
2017-01-15,CLEANING,87633.0,64595.08555832741
2017-01-16,CLEANING,64306.0,62435.347261874915
2017-01-17,CLEANING,56823.0,47954.9010749843
2017-01-18,CLEANING,54714.0,45188.77768923897
2017-01-19,CLEANING,47111.0,46553.7018527117
2017-01-20,CLEANING,55448.0,42965.364853014675
2017-01-21,CLEANING,83311.0,46375.143812616836
2017-01-22,CLEANING,85253.0,64304.495628582205
2017-01-23,CLEANING,59615.0,61634.95922655984
2017-01-24,CLEANING,54100.0,48721.125004997855
2017-01-25,CLEANING,50074.0,49814.03893066698
2017-01-26,CLEANING,44824.0,48475.31648805199
2017-01-27,CLEANING,52797.0,45409.36381460594
2017-01-28,CLEANING,76456.0,48649.558778860344
2017-01-29,CLEANING,81379.0,65928.16162368553
2017-01-30,CLEANING,55220.0,63312.439249153766
2017-01-31,CLEANING,62831.0,50590.72680029075
2017-02-01,CLEANING,79526.0,50361.51303340966
2017-02-02,CLEANING,65323.0,51094.85931120395
2017-02-03,CLEANING,68500.0,47150.30686732663
2017-02-04,CLEANING,97772.0,49669.32523635274
2017-02-05,CLEANING,96622.0,66072.09131519606
2017-02-06,CLEANING,65748.0,65776.84237146139
2017-02-07,CLEANING,61528.0,55031.19622276942
2017-02-08,CLEANING,64454.0,60108.0284849036
2017-02-09,CLEANING,50040.0,52843.95436451222
2017-02-10,CLEANING,55750.0,48929.729099912984
2017-02-11,CLEANING,74391.0,51844.172805475464
2017-02-12,CLEANING,80074.0,69553.14078207873
2017-02-13,CLEANING,57639.0,68347.29795462875
2017-02-14,CLEANING,45242.0,54707.33200175692
2017-02-15,CLEANING,54721.0,53417.23284054449
2017-02-16,CLEANING,50691.0,52627.3071763894
2017-02-17,CLEANING,58885.0,48169.00193966656
2017-02-18,CLEANING,86151.0,51011.65364564127
2017-02-19,CLEANING,62223.0,67188.15023200332
2017-02-20,CLEANING,60764.0,67010.32106399053
2017-02-21,CLEANING,56225.0,53749.08122213994
2017-02-22,CLEANING,57179.0,49258.20910780176
2017-02-23,CLEANING,59438.0,51340.770482443164
2017-02-24,CLEANING,66123.0,47246.69568384101
2017-02-25,CLEANING,91628.0,50090.277905298615
2017-02-26,CLEANING,76821.0,66319.25839739968
2017-02-27,CLEANING,67572.0,65934.10201836033
2017-02-28,CLEANING,76302.0,52148.04890416041
2017-03-01,CLEANING,79270.0,48389.99089791351
2017-03-02,CLEANING,70989.0,47597.63011939112
2017-03-03,CLEANING,67640.0,43445.89409517915
2017-03-04,CLEANING,91638.0,45499.424859318664
2017-03-05,CLEANING,92988.0,62794.27594341005
2017-03-06,CLEANING,62312.0,63202.08290707903
2017-03-07,CLEANING,57764.0,49756.35237140498
2017-03-08,CLEANING,53212.0,46931.90377191432
2017-03-09,CLEANING,50834.0,46020.54236856591
2017-03-10,CLEANING,56450.0,42443.44006086435
2017-03-11,CLEANING,76302.0,44926.491071548655
2017-03-12,CLEANING,83875.0,62461.83330456966
2017-03-13,CLEANING,56652.0,61305.76275810086
2017-03-14,CLEANING,49793.0,48101.98479447109
2017-03-15,CLEANING,58773.0,44535.315957027226
2017-03-16,CLEANING,52209.0,47167.42765640274
2017-03-17,CLEANING,59283.0,44341.37242780242
2017-03-18,CLEANING,78642.0,47512.829538376725
2017-03-19,CLEANING,84395.0,64774.24791979535
2017-03-20,CLEANING,65329.0,63550.46708276722
2017-03-21,CLEANING,56755.0,51086.03207140834
2017-03-22,CLEANING,54569.0,46762.34630515861
2017-03-23,CLEANING,47655.0,47942.07760661357
2017-03-24,CLEANING,56696.0,45234.53251256788
2017-03-25,CLEANING,80298.0,48903.7225244423
2017-03-26,CLEANING,77174.0,65889.57295328288
2017-03-27,CLEANING,59359.0,64132.45721237977
2017-03-28,CLEANING,49903.0,51344.24747173399
2017-03-29,CLEANING,60524.0,49729.95257235266
2017-03-30,CLEANING,48905.0,53565.60323261378
2017-03-31,CLEANING,64445.0,46173.69703783677
2017-04-01,CLEANING,120902.0,49060.978477622426
2017-04-02,CLEANING,85691.0,65859.86680897532
2017-04-03,CLEANING,71014.0,64687.04565907348
2017-04-04,CLEANING,68027.0,53019.93629313154
2017-04-05,CLEANING,62862.0,47476.97567458371
2017-04-06,CLEANING,55451.0,49286.77776914698
2017-04-07,CLEANING,58360.0,44601.2382724655
2017-04-08,CLEANING,75259.0,47494.63844426314
2017-04-09,CLEANING,83221.0,64357.7086429684
2017-04-10,CLEANING,56868.0,63422.9581600042
2017-04-11,CLEANING,52907.0,55109.69633757517
2017-04-12,CLEANING,52267.0,54793.62127105825
2017-04-13,CLEANING,52993.0,56673.40525585909
2017-04-14,CLEANING,51082.0,52095.784960257006
2017-04-15,CLEANING,69521.0,54210.15616625496
2017-04-16,CLEANING,74317.0,73062.86353261955
2017-04-17,CLEANING,60572.0,72079.38545794864
2017-04-18,CLEANING,53393.0,56569.12166469422
2017-04-19,CLEANING,52982.0,66300.48745462144
2017-04-20,CLEANING,54377.0,68613.98231652036
2017-04-21,CLEANING,65367.0,66752.73415170924
2017-04-22,CLEANING,78616.0,71249.87297095671
2017-04-23,CLEANING,84929.0,88889.7834075841
2017-04-24,CLEANING,60738.0,85896.43669832285
2017-04-25,CLEANING,55687.0,73235.50563075702
2017-04-26,CLEANING,71129.0,71800.65933258194
2017-04-27,CLEANING,52148.0,69938.53509616142
2017-04-28,CLEANING,63244.0,67488.41443236923
2017-04-29,CLEANING,89257.0,71467.38148051023
2017-04-30,CLEANING,86227.0,86209.11028366556
2017-05-01,CLEANING,107970.0,87141.7814413961
2017-05-02,CLEANING,74652.0,71863.94726713175
2017-05-03,CLEANING,74517.0,70307.85066611784
2017-05-04,CLEANING,70331.0,67393.85353073402
2017-05-05,CLEANING,68945.0,63377.68605692529
2017-05-06,CLEANING,87450.0,67801.82788773405
2017-05-07,CLEANING,95620.0,84236.6109156261
2017-05-08,CLEANING,65023.0,74023.57460080042
2017-05-09,CLEANING,59963.0,59925.58800148222
2017-05-10,CLEANING,62988.0,68757.18622232323
2017-05-11,CLEANING,63401.0,65789.84449467686
2017-05-12,CLEANING,62233.0,61260.62023057374
2017-05-13,CLEANING,88256.0,66181.28472168685
2017-05-14,CLEANING,62808.0,81394.1440679321
2017-05-15,CLEANING,70134.0,81051.79352999122
2017-05-16,CLEANING,67655.0,67700.59676528393
2017-05-17,CLEANING,74583.0,64338.35039583134
2017-05-18,CLEANING,55611.0,63967.30123288464
2017-05-19,CLEANING,69256.0,57560.575225959205
2017-05-20,CLEANING,95962.0,62465.288329384304
2017-05-21,CLEANING,109477.0,79947.72992273659
2017-05-22,CLEANING,68072.0,77415.5550533027
2017-05-23,CLEANING,62875.0,63500.22666031972
2017-05-24,CLEANING,58759.0,68407.33791863946
2017-05-25,CLEANING,49415.0,61387.48710172384
2017-05-26,CLEANING,90118.0,59790.02416583402
2017-05-27,CLEANING,77791.0,61604.61129093166
2017-05-28,CLEANING,82923.0,79122.45508291648
2017-05-29,CLEANING,61371.0,77467.72111967122
2017-05-30,CLEANING,56590.0,62935.79004375315
2017-05-31,CLEANING,69587.0,58595.35091559536
2017-06-01,CLEANING,61601.0,40760.2871528812
2017-06-02,CLEANING,72111.0,40069.76367440249
2017-06-03,CLEANING,95175.0,42776.623734784254
2017-06-04,CLEANING,104997.0,60260.82360279071
2017-06-05,CLEANING,73382.0,60342.44544777677
2017-06-06,CLEANING,61149.0,47163.17180512598
2017-06-07,CLEANING,58958.0,43046.326230389684
2017-06-08,CLEANING,50623.0,54793.337963320206
2017-06-09,CLEANING,58839.0,50437.18044831569
2017-06-10,CLEANING,76401.0,53623.92673924075
2017-06-11,CLEANING,85386.0,70900.63430101002
2017-06-12,CLEANING,59069.0,67166.02652166145
2017-06-13,CLEANING,52735.0,53714.6786410053
2017-06-14,CLEANING,56317.0,54885.78400075995
2017-06-15,CLEANING,51120.0,54285.12300676301
2017-06-16,CLEANING,61049.0,52516.41103006172
2017-06-17,CLEANING,77873.0,55223.75061989462
2017-06-18,CLEANING,63535.0,71093.0904559181
2017-06-19,CLEANING,59488.0,69714.51243969682
2017-06-20,CLEANING,60428.0,55824.65751921728
2017-06-21,CLEANING,56742.0,71305.21458767002
2017-06-22,CLEANING,55773.0,73118.44189259857
2017-06-23,CLEANING,64501.0,70288.35587660065
2017-06-24,CLEANING,80451.0,74215.84991259818
2017-06-25,CLEANING,81798.0,90923.19766877474
2017-06-26,CLEANING,65705.0,88066.81334185472
2017-06-27,CLEANING,60870.0,74249.79643487745
2017-06-28,CLEANING,59831.0,77709.16550510528
2017-06-29,CLEANING,53111.0,80226.33927236806
2017-06-30,CLEANING,71476.0,74701.37421166159
2017-07-01,CLEANING,105361.0,73467.01316539122
2017-07-02,CLEANING,107684.0,90126.96619323255
2017-07-03,CLEANING,77790.0,87663.85069071119
2017-07-04,CLEANING,71697.0,75008.40269974314
2017-07-05,CLEANING,67436.0,70945.58027495572
2017-07-06,CLEANING,70514.0,68597.70128089943
2017-07-07,CLEANING,72133.0,64732.36783487127
2017-07-08,CLEANING,92724.0,68675.52736781984
2017-07-09,CLEANING,95296.0,85041.75521991999
2017-07-10,CLEANING,74690.0,83782.0070245461
2017-07-11,CLEANING,65861.0,69108.16459384892
2017-07-12,CLEANING,57622.0,65333.35409391344
2017-07-13,CLEANING,48262.0,51539.45789093814
2017-07-14,CLEANING,54772.0,47868.418273873016
2017-07-15,CLEANING,73659.0,50049.67155472796
2017-07-16,CLEANING,82657.0,68232.37323430169
2017-07-17,CLEANING,63835.0,66853.84088755194
2017-07-18,CLEANING,55196.0,52594.34369672759
2017-07-19,CLEANING,55522.0,49848.68288415826
2017-07-20,CLEANING,55415.0,52489.641609930186
2017-07-21,CLEANING,58117.0,44240.07785729277
2017-07-22,CLEANING,72297.0,46704.734163561814
2017-07-23,CLEANING,80103.0,64013.42396574245
2017-07-24,CLEANING,64812.0,61928.18215363048
2017-07-25,CLEANING,53126.0,47523.125758988026
2017-07-26,CLEANING,57371.0,50483.99742080738
2017-07-27,CLEANING,75347.0,50472.79442656086
2017-07-28,CLEANING,83629.0,46800.384725349635
2017-07-29,CLEANING,102957.0,50175.68058443819
2017-07-30,CLEANING,113817.0,67675.30664120999
2017-07-31,CLEANING,89385.0,65751.17437901438
2017-08-01,CLEANING,103895.0,51958.66190198421
2017-08-02,CLEANING,90407.0,48561.97810148529
2017-08-03,CLEANING,68226.0,48506.34615453998
2017-08-04,CLEANING,61006.0,44216.18632492129
2017-08-05,CLEANING,75596.0,46302.17885892335
2017-08-06,CLEANING,77829.0,64149.113946244535
2017-08-07,CLEANING,60357.0,63079.19406423717
2017-08-08,CLEANING,53472.0,48927.46194002665
2017-08-09,CLEANING,50985.0,45289.44210537421
2017-08-10,CLEANING,45205.0,49498.84528841846
2017-08-11,CLEANING,55682.0,46170.82085849854
2017-08-12,CLEANING,57935.0,47833.61928084345
2017-08-13,CLEANING,61757.0,65337.150077431645
2017-08-14,CLEANING,55032.0,63805.57882614584
2017-08-15,CLEANING,58474.0,49192.49029396819
2016-07-01,DAIRY,49232.0,40754.74924301803
2016-07-02,DAIRY,63188.0,58778.17376107615
2016-07-03,DAIRY,69328.0,59178.79277129679
2016-07-04,DAIRY,48544.0,43907.08447962947
2016-07-05,DAIRY,42525.0,38425.12273572662
2016-07-06,DAIRY,46662.0,43545.02576746141
2016-07-07,DAIRY,36549.0,34260.94853024749
2016-07-08,DAIRY,41632.0,41408.495539170166
2016-07-09,DAIRY,52964.0,58061.311965493456
2016-07-10,DAIRY,59541.0,62660.51382799419
2016-07-11,DAIRY,43454.0,44722.014356482585
2016-07-12,DAIRY,37914.0,39730.19462938191
2016-07-13,DAIRY,40719.0,41166.95340123154
2016-07-14,DAIRY,32335.0,33129.70510098554
2016-07-15,DAIRY,39443.0,39774.277659967214
2016-07-16,DAIRY,53302.0,57229.85862706619
2016-07-17,DAIRY,58690.0,59715.38714478839
2016-07-18,DAIRY,43023.0,43374.35721739316
2016-07-19,DAIRY,38160.0,37905.96952625722
2016-07-20,DAIRY,42147.0,41326.680427408835
2016-07-21,DAIRY,33539.0,33565.49568389303
2016-07-22,DAIRY,38318.0,39574.355486214954
2016-07-23,DAIRY,48930.0,56386.32174830802
2016-07-24,DAIRY,51616.0,59915.416158352884
2016-07-25,DAIRY,42685.0,42627.75680131607
2016-07-26,DAIRY,36511.0,37336.04990682102
2016-07-27,DAIRY,39863.0,40455.256220984505
2016-07-28,DAIRY,31273.0,33072.45730615557
2016-07-29,DAIRY,38294.0,39403.46810181718
2016-07-30,DAIRY,52209.0,56550.66398177412
2016-07-31,DAIRY,60098.0,59354.988843812265
2016-08-01,DAIRY,51339.0,42428.030831524215
2016-08-02,DAIRY,43468.0,36998.69433444038
2016-08-03,DAIRY,45961.0,40788.17322649614
2016-08-04,DAIRY,36287.0,33207.98218387044
2016-08-05,DAIRY,38542.0,39509.54277570812
2016-08-06,DAIRY,49588.0,56540.49995418271
2016-08-07,DAIRY,55814.0,59911.27698818542
2016-08-08,DAIRY,42644.0,43089.28879202771
2016-08-09,DAIRY,36364.0,37681.975546261776
2016-08-10,DAIRY,39446.0,41157.30904423338
2016-08-11,DAIRY,33675.0,33521.2866376099
2016-08-12,DAIRY,43484.0,40121.943024091466
2016-08-13,DAIRY,41989.0,57181.634991459956
2016-08-14,DAIRY,46503.0,60368.46422351039
2016-08-15,DAIRY,43969.0,43835.47725719637
2016-08-16,DAIRY,41430.0,38558.44686101862
2016-08-17,DAIRY,44019.0,42042.5639289983
2016-08-18,DAIRY,34437.0,34470.32729652008
2016-08-19,DAIRY,39483.0,40805.11962908425
2016-08-20,DAIRY,48441.0,57855.442257866365
2016-08-21,DAIRY,55888.0,61008.52294873382
2016-08-22,DAIRY,44117.0,44066.596820320796
2016-08-23,DAIRY,39292.0,38766.7878988742
2016-08-24,DAIRY,41623.0,42162.14632555957
2016-08-25,DAIRY,32382.0,34153.34272160954
2016-08-26,DAIRY,37620.0,40444.335600264436
2016-08-27,DAIRY,46999.0,57571.297585227665
2016-08-28,DAIRY,53701.0,60687.75678665972
2016-08-29,DAIRY,41208.0,43798.9169553183
2016-08-30,DAIRY,36428.0,38411.66963991681
2016-08-31,DAIRY,44548.0,41890.51727883385
2016-09-01,DAIRY,40565.0,33818.270971766164
2016-09-02,DAIRY,47524.0,40203.02702397373
2016-09-03,DAIRY,61824.0,57263.26909391234
2016-09-04,DAIRY,68087.0,60461.1149708066
2016-09-05,DAIRY,49460.0,43611.00309834739
2016-09-06,DAIRY,43924.0,38263.76211683372
2016-09-07,DAIRY,44914.0,41855.439658361734
2016-09-08,DAIRY,36748.0,34682.80817664148
2016-09-09,DAIRY,38881.0,40680.3994186925
2016-09-10,DAIRY,56211.0,57814.159568033654
2016-09-11,DAIRY,66891.0,60997.140115455855
2016-09-12,DAIRY,43470.0,44132.55807140999
2016-09-13,DAIRY,37187.0,38584.379609229705
2016-09-14,DAIRY,38830.0,41612.65633050565
2016-09-15,DAIRY,34441.0,34146.37524916284
2016-09-16,DAIRY,40683.0,40374.525364696376
2016-09-17,DAIRY,55000.0,57511.602144666474
2016-09-18,DAIRY,65396.0,60659.44030668784
2016-09-19,DAIRY,42468.0,44063.6774812786
2016-09-20,DAIRY,38508.0,38776.86183343681
2016-09-21,DAIRY,40605.0,41940.10399986486
2016-09-22,DAIRY,31828.0,34908.99809677941
2016-09-23,DAIRY,38268.0,40942.38427111434
2016-09-24,DAIRY,51804.0,58082.584948842414
2016-09-25,DAIRY,61132.0,61301.26509811924
2016-09-26,DAIRY,41296.0,44530.69167329544
2016-09-27,DAIRY,34955.0,39061.74669313461
2016-09-28,DAIRY,38731.0,42460.663615967685
2016-09-29,DAIRY,30674.0,35274.443000990075
2016-09-30,DAIRY,40679.0,41426.195365120126
2016-10-01,DAIRY,67460.0,58740.307816098226
2016-10-02,DAIRY,75326.0,61964.633752597154
2016-10-03,DAIRY,48915.0,45153.92063696573
2016-10-04,DAIRY,41228.0,39847.4640262887
2016-10-05,DAIRY,44510.0,43050.67440095674
2016-10-06,DAIRY,33802.0,36221.533137280654
2016-10-07,DAIRY,40421.0,42485.28938976499
2016-10-08,DAIRY,55857.0,59547.38820408142
2016-10-09,DAIRY,69457.0,62888.455271182436
2016-10-10,DAIRY,44204.0,45823.63254628511
2016-10-11,DAIRY,36930.0,40612.82244121346
2016-10-12,DAIRY,41167.0,43585.68697785494
2016-10-13,DAIRY,32616.0,36362.84393076137
2016-10-14,DAIRY,39020.0,42581.77433123423
2016-10-15,DAIRY,53579.0,59639.231826273375
2016-10-16,DAIRY,69044.0,62932.63099629165
2016-10-17,DAIRY,43091.0,45748.44019860734
2016-10-18,DAIRY,36537.0,40287.84176300833
2016-10-19,DAIRY,40031.0,43670.52892925909
2016-10-20,DAIRY,33661.0,36128.64661866997
2016-10-21,DAIRY,38200.0,42369.42128696921
2016-10-22,DAIRY,50282.0,59422.67857289377
2016-10-23,DAIRY,64397.0,62599.37558720727
2016-10-24,DAIRY,40221.0,45706.407710440464
2016-10-25,DAIRY,36335.0,40321.23661378566
2016-10-26,DAIRY,40733.0,44123.86128700504
2016-10-27,DAIRY,33185.0,37351.39441379209
2016-10-28,DAIRY,36898.0,43542.97407226166
2016-10-29,DAIRY,50214.0,60703.049209860255
2016-10-30,DAIRY,58739.0,63814.73478016129
2016-10-31,DAIRY,38137.0,46695.79259441917
2016-11-01,DAIRY,43666.0,41560.79580166276
2016-11-02,DAIRY,55814.0,44953.33888441623
2016-11-03,DAIRY,44297.0,37285.366751340196
2016-11-04,DAIRY,48476.0,43476.51991003038
2016-11-05,DAIRY,51834.0,60498.26142546826
2016-11-06,DAIRY,72286.0,64048.2507637035
2016-11-07,DAIRY,52457.0,47121.16151635366
2016-11-08,DAIRY,47046.0,41540.549813940794
2016-11-09,DAIRY,50491.0,44719.943494476785
2016-11-10,DAIRY,35965.0,37360.94242338203
2016-11-11,DAIRY,41956.0,43572.18535097881
2016-11-12,DAIRY,56947.0,60775.29173853445
2016-11-13,DAIRY,78680.0,63813.56316298949
2016-11-14,DAIRY,46978.0,46634.02492173571
2016-11-15,DAIRY,43442.0,41764.35017817304
2016-11-16,DAIRY,53786.0,44506.34695652782
2016-11-17,DAIRY,35447.0,36980.79490570151
2016-11-18,DAIRY,40055.0,43248.20380579913
2016-11-19,DAIRY,54828.0,60575.485279313834
2016-11-20,DAIRY,69156.0,63905.037734575075
2016-11-21,DAIRY,46375.0,46946.65590910647
2016-11-22,DAIRY,38520.0,41594.42856946519
2016-11-23,DAIRY,45850.0,44975.13888524305
2016-11-24,DAIRY,33846.0,37379.84077895107
2016-11-25,DAIRY,39494.0,43833.22910896248
2016-11-26,DAIRY,51635.0,60810.94140411349
2016-11-27,DAIRY,65263.0,64037.39360194326
2016-11-28,DAIRY,44676.0,47220.16418916001
2016-11-29,DAIRY,37191.0,41664.840637433095
2016-11-30,DAIRY,46114.0,45328.018353329426
2016-12-01,DAIRY,45919.0,38415.98958583619
2016-12-02,DAIRY,45416.0,44571.76462131216
2016-12-03,DAIRY,61128.0,61755.43370386869
2016-12-04,DAIRY,75905.0,64936.96838520143
2016-12-05,DAIRY,46544.0,48094.66140758729
2016-12-06,DAIRY,52010.0,42676.03475573634
2016-12-07,DAIRY,50407.0,46477.29043863491
2016-12-08,DAIRY,38861.0,38374.57466993177
2016-12-09,DAIRY,43064.0,44569.80918129221
2016-12-10,DAIRY,52266.0,61753.4413157458
2016-12-11,DAIRY,68396.0,65001.062472075544
2016-12-12,DAIRY,45132.0,48097.39656856202
2016-12-13,DAIRY,40219.0,42792.48753151469
2016-12-14,DAIRY,46109.0,46007.14881265527
2016-12-15,DAIRY,41717.0,38262.02485072943
2016-12-16,DAIRY,44680.0,44786.602641141784
2016-12-17,DAIRY,58006.0,61926.78584474346
2016-12-18,DAIRY,70593.0,65170.63060801952
2016-12-19,DAIRY,54039.0,48219.107783156374
2016-12-20,DAIRY,52904.0,43470.23951510579
2016-12-21,DAIRY,59696.0,47042.46055874818
2016-12-22,DAIRY,55536.0,39428.27874880188
2016-12-23,DAIRY,68127.0,45729.17480875849
2016-12-24,DAIRY,69685.0,62823.25441699437
2016-12-26,DAIRY,55384.0,66012.17965696251
2016-12-27,DAIRY,45708.0,48981.8843637737
2016-12-28,DAIRY,52203.0,49505.04740305725
2016-12-29,DAIRY,49299.0,42004.57089541599
2016-12-30,DAIRY,64746.0,39902.41635191505
2016-12-31,DAIRY,62988.0,46067.244664665224
2017-01-01,DAIRY,622.0,60341.225827908325
2017-01-02,DAIRY,83430.0,65192.38341869848
2017-01-03,DAIRY,65027.0,48209.13093996175
2017-01-04,DAIRY,59821.0,49898.67307503657
2017-01-05,DAIRY,44781.0,41622.90036130872
2017-01-06,DAIRY,46674.0,39565.20433742633
2017-01-07,DAIRY,63367.0,45783.41177013094
2017-01-08,DAIRY,71459.0,62796.82821935018
2017-01-09,DAIRY,47719.0,65726.56069243852
2017-01-10,DAIRY,42700.0,48750.30042027889
2017-01-11,DAIRY,46650.0,49312.71961740801
2017-01-12,DAIRY,36900.0,41678.10226326057
2017-01-13,DAIRY,44216.0,39578.80731541373
2017-01-14,DAIRY,60560.0,45865.57801324125
2017-01-15,DAIRY,71954.0,62447.27501216787
2017-01-16,DAIRY,50039.0,65637.28388134712
2017-01-17,DAIRY,43165.0,49112.45251996385
2017-01-18,DAIRY,49343.0,49520.230719026455
2017-01-19,DAIRY,35758.0,41464.68622428146
2017-01-20,DAIRY,41024.0,39492.4819100937
2017-01-21,DAIRY,62044.0,45844.86246155407
2017-01-22,DAIRY,71287.0,62937.35032588937
2017-01-23,DAIRY,48592.0,66036.52098745818
2017-01-24,DAIRY,41636.0,49087.4439062756
2017-01-25,DAIRY,46201.0,49921.51025100936
2017-01-26,DAIRY,35103.0,41595.39120365297
2017-01-27,DAIRY,43391.0,39542.72891483625
2017-01-28,DAIRY,59152.0,45851.05803590829
2017-01-29,DAIRY,69121.0,62903.90260648453
2017-01-30,DAIRY,43695.0,65912.73639561939
2017-01-31,DAIRY,46821.0,49117.53785341128
2017-02-01,DAIRY,58356.0,50067.85224267085
2017-02-02,DAIRY,43853.0,41816.60265454539
2017-02-03,DAIRY,47754.0,39716.42369163353
2017-02-04,DAIRY,65932.0,45983.8849235595
2017-02-05,DAIRY,69744.0,63077.412127092684
2017-02-06,DAIRY,47513.0,66177.62212246588
2017-02-07,DAIRY,43107.0,49154.84794535073
2017-02-08,DAIRY,47306.0,49836.59512310632
2017-02-09,DAIRY,37009.0,41633.54668813903
2017-02-10,DAIRY,45108.0,39736.48922454376
2017-02-11,DAIRY,57847.0,46166.052071063736
2017-02-12,DAIRY,69706.0,63240.947299415144
2017-02-13,DAIRY,51363.0,66307.09683972497
2017-02-14,DAIRY,38233.0,49443.72000430213
2017-02-15,DAIRY,47777.0,50219.707156955614
2017-02-16,DAIRY,37253.0,41753.36102612283
2017-02-17,DAIRY,45044.0,39641.7845642651
2017-02-18,DAIRY,64789.0,45935.356042121064
2017-02-19,DAIRY,55014.0,62966.83076486521
2017-02-20,DAIRY,45313.0,66106.37541386893
2017-02-21,DAIRY,41288.0,49187.204422237824
2017-02-22,DAIRY,44274.0,49643.78941898688
2017-02-23,DAIRY,38200.0,41889.5467364481
2017-02-24,DAIRY,44540.0,39743.350735529275
2017-02-25,DAIRY,57275.0,45994.15557392778
2017-02-26,DAIRY,42872.0,63035.761293286014
2017-02-27,DAIRY,42681.0,66284.22778331113
2017-02-28,DAIRY,55563.0,49377.23738409441
2017-03-01,DAIRY,60699.0,51587.589398250784
2017-03-02,DAIRY,47224.0,43680.2591484634
2017-03-03,DAIRY,49322.0,41937.49154425059
2017-03-04,DAIRY,65548.0,48244.60605001211
2017-03-05,DAIRY,72575.0,65305.05227785313
2017-03-06,DAIRY,46523.0,68220.10059219421
2017-03-07,DAIRY,43542.0,51399.872201141785
2017-03-08,DAIRY,46142.0,50661.87318415177
2017-03-09,DAIRY,39467.0,43416.14563077816
2017-03-10,DAIRY,46095.0,41291.00750900211
2017-03-11,DAIRY,60887.0,47410.17390163847
2017-03-12,DAIRY,72985.0,64566.99681014531
2017-03-13,DAIRY,46421.0,67602.66655484101
2017-03-14,DAIRY,41864.0,50623.96376518607
2017-03-15,DAIRY,51108.0,50818.96993259997
2017-03-16,DAIRY,42706.0,43570.302117638996
2017-03-17,DAIRY,50520.0,42993.154213074224
2017-03-18,DAIRY,64942.0,48845.24122232036
2017-03-19,DAIRY,74659.0,65948.77935981672
2017-03-20,DAIRY,52501.0,69006.10265132858
2017-03-21,DAIRY,45994.0,52507.29105484296
2017-03-22,DAIRY,49386.0,51449.81991459478
2017-03-23,DAIRY,39151.0,42804.637792212634
2017-03-24,DAIRY,46708.0,41491.70827737157
2017-03-25,DAIRY,64380.0,47984.97059110094
2017-03-26,DAIRY,69897.0,65127.973422975556
2017-03-27,DAIRY,49233.0,68105.74172770354
2017-03-28,DAIRY,42197.0,51430.61367432563
2017-03-29,DAIRY,52331.0,51397.557306439725
2017-03-30,DAIRY,39814.0,43907.405692382024
2017-03-31,DAIRY,53627.0,41718.90620464125
2017-04-01,DAIRY,85897.0,45500.33125302123
2017-04-02,DAIRY,68825.0,62367.817348956974
2017-04-03,DAIRY,49218.0,65640.53035099161
2017-04-04,DAIRY,46652.0,48910.956121811454
2017-04-05,DAIRY,51390.0,49860.19974820293
2017-04-06,DAIRY,40003.0,41725.88451483218
2017-04-07,DAIRY,44296.0,39650.72457168703
2017-04-08,DAIRY,59025.0,46037.757919955206
2017-04-09,DAIRY,67107.0,63125.22535425274
2017-04-10,DAIRY,44856.0,66358.23187322725
2017-04-11,DAIRY,43331.0,49567.18219840741
2017-04-12,DAIRY,48341.0,50356.96862357285
2017-04-13,DAIRY,48116.0,42160.190054431354
2017-04-14,DAIRY,46799.0,40088.80066870299
2017-04-15,DAIRY,52779.0,46001.32771986254
2017-04-16,DAIRY,61409.0,63162.62809307384
2017-04-17,DAIRY,47012.0,66295.38692338184
2017-04-18,DAIRY,41427.0,49389.368499253804
2017-04-19,DAIRY,45759.0,50707.685269400514
2017-04-20,DAIRY,40226.0,42667.01349289836
2017-04-21,DAIRY,47902.0,41346.7622537244
2017-04-22,DAIRY,58915.0,47398.81558391612
2017-04-23,DAIRY,72861.0,64492.54134379731
2017-04-24,DAIRY,46831.0,67504.78716696278
2017-04-25,DAIRY,43417.0,50735.77817383054
2017-04-26,DAIRY,48758.0,51448.79937121606
2017-04-27,DAIRY,38035.0,43481.66604456752
2017-04-28,DAIRY,46139.0,41729.52131970627
2017-04-29,DAIRY,63547.0,47965.71518355425
2017-04-30,DAIRY,62872.0,64847.28218696583
2017-05-01,DAIRY,80542.0,68316.9322389743
2017-05-02,DAIRY,55238.0,51059.54912185641
2017-05-03,DAIRY,56379.0,52117.794844672884
2017-05-04,DAIRY,42404.0,43888.55698839396
2017-05-05,DAIRY,45536.0,41940.22026609062
2017-05-06,DAIRY,62878.0,48118.886522469795
2017-05-07,DAIRY,78774.0,65198.55706824694
2017-05-08,DAIRY,48298.0,68284.9104040645
2017-05-09,DAIRY,43865.0,51641.01744338062
2017-05-10,DAIRY,49102.0,52401.395685883435
2017-05-11,DAIRY,37720.0,44114.80119298953
2017-05-12,DAIRY,45021.0,42115.43854110683
2017-05-13,DAIRY,70237.0,48636.91339647374
2017-05-14,DAIRY,55583.0,65684.70095252787
2017-05-15,DAIRY,49927.0,68585.31950707446
2017-05-16,DAIRY,47277.0,51857.194179262864
2017-05-17,DAIRY,50153.0,52036.393860824464
2017-05-18,DAIRY,36204.0,44357.13938000098
2017-05-19,DAIRY,43071.0,42074.36001002705
2017-05-20,DAIRY,60647.0,48426.538681735605
2017-05-21,DAIRY,74951.0,65554.08975721558
2017-05-22,DAIRY,46578.0,68622.20157766955
2017-05-23,DAIRY,41251.0,51741.78786407352
2017-05-24,DAIRY,45450.0,52064.500416500596
2017-05-25,DAIRY,34821.0,43928.250488660764
2017-05-26,DAIRY,55567.0,42393.85642917969
2017-05-27,DAIRY,54198.0,48435.16646732283
2017-05-28,DAIRY,66492.0,65540.18961684429
2017-05-29,DAIRY,47147.0,68605.61012485977
2017-05-30,DAIRY,42077.0,51689.45737869684
2017-05-31,DAIRY,50401.0,51952.810593161434
2017-06-01,DAIRY,42526.0,42133.7922047419
2017-06-02,DAIRY,49807.0,41492.587628233145
2017-06-03,DAIRY,66614.0,47855.80991999481
2017-06-04,DAIRY,83951.0,64921.67036595465
2017-06-05,DAIRY,52097.0,67861.96951182188
2017-06-06,DAIRY,44539.0,51109.153288937174
2017-06-07,DAIRY,49652.0,51421.045036594274
2017-06-08,DAIRY,37300.0,44550.72348096715
2017-06-09,DAIRY,44596.0,42998.16615693222
2017-06-10,DAIRY,58589.0,49487.40414365391
2017-06-11,DAIRY,74932.0,66749.81046597815
2017-06-12,DAIRY,45495.0,69591.31035357896
2017-06-13,DAIRY,41906.0,52739.54952617844
2017-06-14,DAIRY,47993.0,52398.37159061131
2017-06-15,DAIRY,38731.0,44166.19517384527
2017-06-16,DAIRY,48006.0,42590.54367741141
2017-06-17,DAIRY,67310.0,48943.15271687081
2017-06-18,DAIRY,59757.0,66018.23652404836
2017-06-19,DAIRY,47643.0,69225.63500689308
2017-06-20,DAIRY,43960.0,52697.98194515989
2017-06-21,DAIRY,47144.0,52190.22774728111
2017-06-22,DAIRY,36800.0,45439.51156357783
2017-06-23,DAIRY,44055.0,42787.516247424224
2017-06-24,DAIRY,57117.0,48999.03010444254
2017-06-25,DAIRY,68519.0,66251.82416863301
2017-06-26,DAIRY,46892.0,69113.14912933018
2017-06-27,DAIRY,39469.0,52332.25573425014
2017-06-28,DAIRY,45452.0,51902.924068526016
2017-06-29,DAIRY,35788.0,45182.85630651421
2017-06-30,DAIRY,44056.0,42994.475560213024
2017-07-01,DAIRY,66762.0,49624.718050262316
2017-07-02,DAIRY,75596.0,66682.1309311554
2017-07-03,DAIRY,52864.0,69712.77335703855
2017-07-04,DAIRY,45847.0,52672.26017885351
2017-07-05,DAIRY,49764.0,53131.990339759155
2017-07-06,DAIRY,38965.0,45851.463664831244
2017-07-07,DAIRY,44171.0,43664.462962474514
2017-07-08,DAIRY,57405.0,50042.69999167374
2017-07-09,DAIRY,66045.0,67196.3094246444
2017-07-10,DAIRY,46350.0,70118.5622854159
2017-07-11,DAIRY,40586.0,53242.725333615665
2017-07-12,DAIRY,45493.0,52981.30993726911
2017-07-13,DAIRY,34485.0,44896.88407150143
2017-07-14,DAIRY,40997.0,42932.13606947349
2017-07-15,DAIRY,53472.0,49131.90428835683
2017-07-16,DAIRY,63760.0,65712.43519326784
2017-07-17,DAIRY,45904.0,68725.07480257115
2017-07-18,DAIRY,40025.0,51912.58011366842
2017-07-19,DAIRY,44636.0,52119.0028831261
2017-07-20,DAIRY,37492.0,44592.693167058744
2017-07-21,DAIRY,41364.0,42426.50190396067
2017-07-22,DAIRY,51050.0,48756.44133811112
2017-07-23,DAIRY,57689.0,65929.68706675121
2017-07-24,DAIRY,47914.0,69076.94678541592
2017-07-25,DAIRY,39929.0,52384.16623307273
2017-07-26,DAIRY,42966.0,52399.217317550814
2017-07-27,DAIRY,33693.0,43730.723363831836
2017-07-28,DAIRY,41282.0,41728.28769345615
2017-07-29,DAIRY,53084.0,47974.67109305813
2017-07-30,DAIRY,59432.0,65082.38555501812
2017-07-31,DAIRY,46493.0,68139.51779238418
2017-08-01,DAIRY,48765.0,50925.16743715532
2017-08-02,DAIRY,50997.0,52214.214719686075
2017-08-03,DAIRY,38537.0,44624.205536197675
2017-08-04,DAIRY,42872.0,43271.78139657812
2017-08-05,DAIRY,52289.0,49787.69160002428
2017-08-06,DAIRY,60062.0,66727.10774525454
2017-08-07,DAIRY,44167.0,69694.85513969703
2017-08-08,DAIRY,38198.0,52899.85430109851
2017-08-09,DAIRY,42374.0,53130.93888575984
2017-08-10,DAIRY,34648.0,45390.69586226357
2017-08-11,DAIRY,44909.0,43513.936873950486
2017-08-12,DAIRY,42854.0,49579.83023437043
2017-08-13,DAIRY,50112.0,66592.62109321768
2017-08-14,DAIRY,43050.0,69673.80865083438
2017-08-15,DAIRY,40707.0,52854.78731161754
